단지명,sido_kr,sgg_kr,sido_nm_e,sgg_nm_e,x,y,공급유형,건설호수,사각지대_등급,취약도_hybrid가중치,취약도_수동가중치,취약도_entropy가중치,취약도_인구,취약도_시설,취약도_접근성,취약도_서비스이용,취약도_거버넌스,취약도_이상탐지,mc_selection_frequency,mc_mean_rank,mc_rank_std,robust_high_risk,cluster_label,취약_주요원인,취약도_순위,위험_백분위
화천신읍공공실버주택,강원특별자치도,화천군,Gangwon-do,Hwacheon-gun,127.703,38.1144,영구임대,120,고위험(사각지대),0.7382,0.6942,0.7822,0.7438,0.65,0.6856,0.4696,0.5322,0.8967,1.0,1.0,0.0,1,1,"경로당 부재, 영구임대 공급유형, 복지시설 접근성 취약",1,0.0
부안봉덕공공실버주택,전북특별자치도,부안군,Jeollabuk-do,Buan-gun,126.7363,35.7193,영구임대,80,고위험(사각지대),0.6298,0.4982,0.7614,0.7108,0.9,0.0165,0.5954,0.4313,0.6733,1.0,2.016,0.1255,1,3,"경로당 부재, 영구임대 공급유형, 고령화율 상위 10%",2,0.0028
제천하소4,충청북도,제천시,Chungcheongbuk-do,Jecheon-si,128.197,37.1469,영구임대,1063,고위험(사각지대),0.6003,0.4578,0.7429,0.5776,1.0,0.055,0.5768,0.4532,0.2731,1.0,3.805,1.0578,1,3,"경로당 부재, 영구임대 공급유형, 복지관 부재",3,0.0055
청주용암2,충청북도,청주시,Chungcheongbuk-do,"Sangdang-gu, Cheongju-si",127.5093,36.6149,영구임대,1140,고위험(사각지대),0.5941,0.4549,0.7332,0.5702,1.0,0.0692,0.4405,0.4893,0.2798,1.0,5.566,1.458,1,1,"경로당 부재, 영구임대 공급유형, 복지관 부재",4,0.0083
종갓집공공실버주택,울산광역시,중구,Ulsan,Jung-gu,129.3352,35.5792,"영구임대, 국민임대",80,신규단지(판정유예),0.5933,0.498,0.6885,0.7587,0.65,0.0987,0.3276,0.3294,0.9624,1.0,5.323,1.6914,1,0,"경로당 부재, 영구임대 공급유형, 고령화율 상위 10%",5,0.011
진도쌍정,전라남도,진도군,Jellanam-do,Jindo-gun,126.2677,34.4794,영구임대,100,고위험(사각지대),0.5907,0.4808,0.7006,0.3784,0.65,0.4342,0.7154,0.6164,0.5877,1.0,6.002,2.0239,1,3,"경로당 부재, 영구임대 공급유형, 의료시설 접근성 취약",6,0.0138
홍천북방(고령자복지),강원특별자치도,홍천군,Gangwon-do,Hongcheon-gun,127.8696,37.6907,영구임대,128,고위험(사각지대),0.5885,0.4976,0.6794,0.7537,0.65,0.0806,0.649,0.5322,0.5814,1.0,7.138,1.8229,1,3,"경로당 부재, 영구임대 공급유형, 고령화율 상위 10%",7,0.0165
남해창선(고령자복지),경상남도,남해군,Gyeongsangnam-do,Namhae-gun,128.0139,34.8539,영구임대,64,신규단지(판정유예),0.5811,0.653,0.5092,0.7366,0.65,0.6062,0.3256,0.3063,1.0,1.0,8.11,4.1012,1,0,"영구임대 공급유형, 의료시설 접근성 취약, 고령화율 상위 10%",8,0.0193
서산석림3,충청남도,서산시,Chungcheongnam-do,Seosan-si,126.4633,36.7722,"공공임대(50년), 영구임대",775,고위험(사각지대),0.5788,0.4232,0.7344,0.4643,0.8,0.174,0.4991,0.5214,0.3048,1.0,8.787,1.9052,1,1,"경로당 부재, 영구임대 공급유형, 복지관 부재",9,0.022
울릉북면천부,경상북도,울릉군,Gyeongsangbuk-do,Ulleung-gun,130.873,37.5385,국민임대,16,고위험(사각지대),0.5613,0.5118,0.6108,0.3069,1.0,0.4664,0.6049,0.5152,0.6747,1.0,10.288,2.0802,1,2,"경로당 부재, 복지관 부재, 의료시설 접근성 취약",10,0.0248
평택미군가족주택관리단,경기도,평택시,Gyeonggi-do,Pyeongtaek-si,127.0097,36.9571,외인임대,0,고위험(사각지대),0.5588,0.5062,0.6114,0.3887,1.0,0.3855,0.4939,0.4781,0.6287,1.0,10.743,1.3664,1,2,"경로당 부재, 복지관 부재, 고령화율 상위 10%",11,0.0303
평택미군에너지관리단,경기도,평택시,Gyeonggi-do,Pyeongtaek-si,127.0097,36.9571,외인임대,0,고위험(사각지대),0.5588,0.5062,0.6114,0.3887,1.0,0.3855,0.4939,0.4781,0.6287,1.0,10.743,1.3664,1,2,"경로당 부재, 복지관 부재, 고령화율 상위 10%",11,0.0303
평택미군난방관리단,경기도,평택시,Gyeonggi-do,Pyeongtaek-si,127.0097,36.9571,외인임대,0,고위험(사각지대),0.5588,0.5062,0.6114,0.3887,1.0,0.3855,0.4939,0.4781,0.6287,1.0,10.743,1.3664,1,2,"경로당 부재, 복지관 부재, 고령화율 상위 10%",11,0.0303
통영도남,경상남도,통영시,Gyeongsangnam-do,Tongyeong-si,128.4217,34.8269,영구임대,468,고위험(사각지대),0.5578,0.4472,0.6683,0.5412,0.45,0.3228,0.3962,0.5814,0.4303,1.0,12.122,2.2484,1,1,"경로당 부재, 영구임대 공급유형, 고령화율 상위권",14,0.0358
울릉서면남서,경상북도,울릉군,Gyeongsangbuk-do,Ulleung-gun,130.8352,37.4693,국민임대,22,고위험(사각지대),0.54,0.4834,0.5967,0.3492,1.0,0.3332,0.6049,0.5152,0.6502,1.0,15.347,1.7334,1,2,"경로당 부재, 복지관 부재, 고령화율 상위 10%",15,0.0386
분당한솔7,경기도,성남시,Gyeonggi-do,"Bundang-gu, Seongnam-si",127.116,37.3683,영구임대,1668,고위험(사각지대),0.5211,0.3953,0.6469,0.5095,0.65,0.0787,0.3737,0.4781,0.6706,1.0,16.64,1.1689,1,1,"경로당 부재, 영구임대 공급유형, 고령화율 상위권",16,0.0413
익산부송1,전북특별자치도,익산시,Jeollabuk-do,Iksan-si,126.9867,35.9577,영구임대,1694,고위험(사각지대),0.5196,0.3992,0.6401,0.5376,0.65,0.0696,0.4183,0.4893,0.5447,1.0,17.63,1.2013,1,1,"경로당 부재, 영구임대 공급유형, 고령화율 상위권",17,0.0441
부천춘의,경기도,부천시,Gyeonggi-do,Bucheon-si,126.7949,37.4998,영구임대,976,고위험(사각지대),0.5191,0.3967,0.6414,0.5574,0.65,0.0469,0.6184,0.4358,0.3494,1.0,18.011,1.4265,1,3,"경로당 부재, 영구임대 공급유형, 고령화율 상위권",18,0.0468
경주용강1,경상북도,경주시,Gyeongsangbuk-do,Gyeongju-si,129.231,35.8792,영구임대,1210,고위험(사각지대),0.5183,0.3968,0.6399,0.4798,0.65,0.1361,0.4179,0.6164,0.3691,1.0,18.392,1.0992,1,1,"경로당 부재, 영구임대 공급유형, 고령화율 상위권",19,0.0496
서울월계1,서울특별시,노원구,Seoul,Nowon-gu,127.0531,37.6277,영구임대,2298,고위험(사각지대),0.5111,0.3894,0.6329,0.54,0.65,0.0553,0.5031,0.4317,0.3956,1.0,20.674,0.8808,1,1,"경로당 부재, 영구임대 공급유형, 고령화율 상위권",20,0.0523
산본가야2,경기도,군포시,Gyeonggi-do,Gunpo-si,126.9237,37.3469,영구임대,900,고위험(사각지대),0.5104,0.3872,0.6336,0.5277,0.65,0.0875,0.4828,0.3896,0.2978,1.0,21.246,0.7124,1,1,"경로당 부재, 영구임대 공급유형, 고령화율 상위권",21,0.0551
음성읍내,충청북도,음성군,Chungcheongbuk-do,Eumseong-gun,127.6897,36.9376,행복주택,56,신규단지(판정유예),0.5088,0.4135,0.6041,0.0598,1.0,0.5246,0.3426,0.325,0.6046,1.0,20.717,3.5831,1,0,"경로당 부재, 의료시설 접근성 취약, 복지관 부재",22,0.0579
목포상동3,전라남도,목포시,Jellanam-do,Mokpo-si,126.4137,34.8146,영구임대,1074,고위험(사각지대),0.5002,0.3774,0.6231,0.5412,0.65,0.026,0.4584,0.5214,0.2897,1.0,22.826,0.8693,1,1,"경로당 부재, 영구임대 공급유형, 고령화율 상위권",23,0.0606
충주연수2,충청북도,충주시,Chungcheongbuk-do,Chungju-si,127.9369,36.9885,영구임대,1582,고위험(사각지대),0.4964,0.3678,0.625,0.5036,0.65,0.0492,0.4911,0.4358,0.2776,1.0,23.978,0.9765,1,1,"경로당 부재, 영구임대 공급유형, 고령화율 상위권",24,0.0634
산본매화1,경기도,군포시,Gyeonggi-do,Gunpo-si,126.9372,37.3747,영구임대,1340,고위험(사각지대),0.4936,0.3642,0.623,0.4859,0.65,0.0375,0.4695,0.5528,0.3142,1.0,25.117,1.0427,1,1,"경로당 부재, 영구임대 공급유형, 고령화율 상위권",25,0.0661
충주신한강변,충청북도,충주시,Chungcheongbuk-do,Chungju-si,127.8993,36.9395,"분양주택, 국민임대",138,고위험(사각지대),0.4713,0.3796,0.5629,0.2208,1.0,0.2251,0.6285,0.4358,0.2653,1.0,26.838,2.0673,1,0,"경로당 부재, 복지관 부재, 단지 내 생활복지시설 부족",26,0.0689
영암학산,전라남도,영암군,Jellanam-do,Yeongam-gun,126.565,34.7264,"국민임대, 영구임대, 행복주택",120,고위험(사각지대),0.4541,0.4566,0.4517,0.2699,0.55,0.5374,0.7079,0.4677,0.7162,1.0,29.056,4.3679,1,3,"영구임대 공급유형, 의료시설 접근성 취약, 복지관 부재",27,0.0716
진도동외,전라남도,진도군,Jellanam-do,Jindo-gun,126.2709,34.4813,"국민임대, 영구임대",150,고위험(사각지대),0.4532,0.4673,0.4391,0.3887,0.55,0.4467,0.6002,0.6164,0.5988,1.0,29.361,4.2354,1,3,"영구임대 공급유형, 복지관 부재, 의료시설 접근성 취약",28,0.0744
옹진백령2(공공실버),인천광역시,옹진군,Incheon,Ongjin-gun,124.7186,37.9765,영구임대,72,고위험(사각지대),0.4502,0.4867,0.4137,0.7427,0.65,0.1004,0.5158,0.4627,0.5201,1.0,30.454,5.3801,1,3,"영구임대 공급유형, 고령화율 상위 10%, 복지관 부재",29,0.0771
사천벌리1,경상남도,사천시,Gyeongsangnam-do,Sacheon-si,128.0877,34.9399,영구임대,447,고위험(사각지대),0.4432,0.4707,0.4157,0.5396,0.55,0.3941,0.4946,0.4486,0.1701,1.0,32.649,5.8254,1,1,"영구임대 공급유형, 복지관 부재, 복지시설 접근성 취약",30,0.0799
평창하진부,강원특별자치도,평창군,Gangwon-do,Pyeongchang-gun,128.5579,37.6353,국민임대,239,고위험(사각지대),0.4415,0.5511,0.3319,0.1497,0.65,1.0,0.5471,0.4893,0.4066,1.0,32.394,7.2258,1,0,"의료시설 접근성 취약, 복지시설 접근성 취약, 복지관 부재",31,0.0826
서울강남권도시형주택,서울특별시,강남구,Seoul,Gangnam-gu,127.1007,37.4723,"공공임대(10년), 분양주택",96,고위험(사각지대),0.4382,0.3305,0.5459,0.1414,1.0,0.1315,0.6242,0.5214,0.3832,1.0,30.46,2.5578,1,0,"경로당 부재, 복지관 부재, 단지 내 생활복지시설 부족",32,0.0854
울릉저동,경상북도,울릉군,Gyeongsangbuk-do,Ulleung-gun,130.9023,37.4966,국민임대,71,고위험(사각지대),0.4214,0.3153,0.5275,0.1452,1.0,0.0854,0.6049,0.5152,0.3726,1.0,33.216,2.6175,1,2,"경로당 부재, 복지관 부재, 단지 내 생활복지시설 부족",33,0.0882
판교2밸리경기행복주택임대센터,경기도,성남시,Gyeonggi-do,"Sujeong-gu, Seongnam-si",127.0854,37.4057,행복주택,300,고위험(사각지대),0.4187,0.301,0.5365,0.0621,1.0,0.18,0.4729,0.477,0.2614,1.0,34.087,2.6187,1,2,"경로당 부재, 복지관 부재, 단지 내 생활복지시설 부족",34,0.0909
김천부곡2,경상북도,김천시,Gyeongsangbuk-do,Gimcheon-si,128.0876,36.1208,영구임대,388,고위험(사각지대),0.4181,0.4412,0.395,0.5377,0.65,0.234,0.4356,0.5713,0.2306,1.0,39.603,8.4844,1,1,"영구임대 공급유형, 복지관 부재, 고령화율 상위권",35,0.0937
나라키움남양주복합청사관리소,경기도,남양주시,Gyeonggi-do,Namyangju-si,127.1581,37.6027,행복주택,74,고위험(사각지대),0.413,0.2902,0.5358,0.0519,1.0,0.152,0.4925,0.4993,0.2584,1.0,36.288,2.7606,1,0,"경로당 부재, 복지관 부재, 단지 내 생활복지시설 부족",36,0.0964
강화신문1,인천광역시,강화군,Incheon,Ganghwa-gun,126.4828,37.7464,행복주택,40,고위험(사각지대),0.4114,0.2868,0.536,0.0368,1.0,0.1589,0.516,0.4627,0.2714,1.0,37.889,3.2045,1,0,"경로당 부재, 복지관 부재, 단지 내 생활복지시설 부족",37,0.0992
울릉도동,경상북도,울릉군,Gyeongsangbuk-do,Ulleung-gun,130.9034,37.4876,국민임대,72,고위험(사각지대),0.4107,0.2983,0.5231,0.1464,1.0,0.0221,0.6049,0.5152,0.4293,1.0,38.23,3.4198,1,2,"경로당 부재, 복지관 부재, 단지 내 생활복지시설 부족",38,0.1019
다산역경기행복주택임대센터,경기도,남양주시,Gyeonggi-do,Namyangju-si,127.1493,37.6261,행복주택,970,고위험(사각지대),0.4089,0.2876,0.5303,0.0621,1.0,0.1555,0.4925,0.4993,0.1085,1.0,40.205,3.2073,1,0,"경로당 부재, 복지관 부재, 단지 내 생활복지시설 부족",39,0.1047
다산신도시1단지임대센터,경기도,남양주시,Gyeonggi-do,Namyangju-si,127.1553,37.6201,"공공임대(10년)-1, 분납임대",1394,고위험(사각지대),0.4087,0.2862,0.5311,0.0601,1.0,0.1393,0.4925,0.4993,0.2007,1.0,40.617,2.9743,1,0,"경로당 부재, 복지관 부재, 단지 내 생활복지시설 부족",40,0.1074
서울석촌,서울특별시,송파구,Seoul,Songpa-gu,127.1056,37.5015,"공공임대(10년), 분양주택",22,고위험(사각지대),0.4081,0.294,0.5222,0.1339,1.0,0.0539,0.5964,0.4698,0.285,1.0,41.05,3.2532,1,0,"경로당 부재, 복지관 부재, 단지 내 생활복지시설 부족",41,0.1102
제주일도이동,제주특별자치도,제주시,Jeju-do,Jeju-si,126.5381,33.5116,행복주택,120,신규단지(판정유예),0.4078,0.2799,0.5358,0.0599,1.0,0.1195,0.3281,0.3105,0.5554,1.0,41.295,3.504,1,0,"경로당 부재, 복지관 부재, 단지 내 생활복지시설 부족",42,0.1129
울산호계2,울산광역시,북구,Ulsan,Buk-gu,129.356,35.6306,국민임대,638,고위험(사각지대),0.4073,0.2935,0.5211,0.1834,0.9,0.0719,0.5554,0.5214,0.1051,1.0,41.995,3.9078,1,0,"경로당 부재, 복지관 부재, 단지 내 생활복지시설 부족",43,0.1157
제주삼도이동1,제주특별자치도,제주시,Jeju-do,Jeju-si,126.5195,33.517,행복주택,54,고위험(사각지대),0.4045,0.2817,0.5272,0.062,1.0,0.1101,0.4728,0.4527,0.349,1.0,44.73,3.1015,1,2,"경로당 부재, 복지관 부재, 단지 내 생활복지시설 부족",44,0.1185
대전느리울13,대전광역시,서구,Daejeon,Seo-gu,127.3427,36.2966,국민임대,880,고위험(사각지대),0.4038,0.2884,0.5191,0.1215,1.0,0.0757,0.5121,0.4893,0.1917,1.0,45.611,2.9478,1,2,"경로당 부재, 복지관 부재, 단지 내 생활복지시설 부족",45,0.1212
서울삼성,서울특별시,강남구,Seoul,Gangnam-gu,127.064,37.5155,"공공임대(10년), 분양주택",47,고위험(사각지대),0.4022,0.2757,0.5286,0.0522,1.0,0.0632,0.6242,0.5214,0.3804,1.0,47.109,3.368,1,0,"경로당 부재, 복지관 부재, 단지 내 생활복지시설 부족",46,0.124
제주삼도이동2,제주특별자치도,제주시,Jeju-do,Jeju-si,126.5209,33.5167,행복주택,34,고위험(사각지대),0.4013,0.274,0.5287,0.0289,1.0,0.1138,0.4455,0.4527,0.442,1.0,48.068,3.6021,1,2,"경로당 부재, 복지관 부재, 단지 내 생활복지시설 부족",47,0.1267
안양도시형생활주택,경기도,안양시,Gyeonggi-do,"Manan-gu, Anyang-si",126.927,37.3866,행복주택,24,고위험(사각지대),0.4008,0.2822,0.5194,0.1316,1.0,0.0519,0.4729,0.477,0.1964,1.0,48.336,2.9457,1,2,"경로당 부재, 복지관 부재, 단지 내 생활복지시설 부족",48,0.1295
밀양가곡1,경상남도,밀양시,Gyeongsangnam-do,Miryang-si,128.7718,35.472,영구임대,447,고위험(사각지대),0.4001,0.4572,0.343,0.6001,0.1,0.4711,0.578,0.4836,0.2836,1.0,45.403,9.0583,1,3,"영구임대 공급유형, 고령화율 상위 10%, 복지시설 접근성 취약",49,0.1322
익산부송3,전북특별자치도,익산시,Jeollabuk-do,Iksan-si,126.9864,35.957,공공임대(50년),540,고위험(사각지대),0.3995,0.2825,0.5166,0.1196,1.0,0.0695,0.4459,0.5144,0.1657,1.0,49.819,2.9712,1,2,"경로당 부재, 복지관 부재, 단지 내 생활복지시설 부족",50,0.135
영천문내,경상북도,영천시,Gyeongsangbuk-do,Yeongcheon-si,128.9304,35.9727,국민임대,506,고위험(사각지대),0.3978,0.2821,0.5135,0.1131,1.0,0.0553,0.4307,0.63,0.1971,1.0,51.148,3.1013,1,2,"경로당 부재, 복지관 부재, 단지 내 생활복지시설 부족",51,0.1377
나라키움영등포복합청사관리소,서울특별시,영등포구,Seoul,Yeongdeungpo-gu,126.9084,37.5283,행복주택,63,고위험(사각지대),0.3921,0.2647,0.5194,0.061,1.0,0.0598,0.5241,0.4698,0.2691,1.0,53.065,3.4824,1,0,"경로당 부재, 복지관 부재, 단지 내 생활복지시설 부족",52,0.1405
서울송파,서울특별시,송파구,Seoul,Songpa-gu,127.1068,37.5081,"공공임대(10년), 분양주택",22,고위험(사각지대),0.3902,0.2619,0.5186,0.0446,1.0,0.0513,0.5964,0.4698,0.3149,1.0,54.31,3.7089,1,0,"경로당 부재, 복지관 부재, 단지 내 생활복지시설 부족",53,0.1433
옹진연평(마을정비형),인천광역시,옹진군,,,125.7063,37.6629,"국민임대, 영구임대",50,고위험(사각지대),0.3866,0.3782,0.3951,0.3278,0.65,0.1398,0.6015,0.725,0.7956,1.0,50.058,7.8299,1,3,"영구임대 공급유형, 복지관 부재, 단지 내 생활복지시설 부족",54,0.146
나라키움부산온타워,부산광역시,남구,Busan,Nam-gu,129.104,35.1388,행복주택,80,신규단지(판정유예),0.3857,0.2512,0.5201,0.0542,1.0,0.0476,0.321,0.3209,0.4797,1.0,56.012,4.1576,1,0,"경로당 부재, 복지관 부재, 단지 내 생활복지시설 부족",55,0.1488
삼척원당,강원특별자치도,삼척시,Gangwon-do,Samcheok-si,129.1542,37.4389,"분양주택, 영구임대",490,고위험(사각지대),0.3826,0.3906,0.3745,0.5343,0.65,0.0727,0.5762,0.5528,0.1555,1.0,51.609,7.4039,1,3,"영구임대 공급유형, 복지관 부재, 고령화율 상위권",56,0.1515
청주산남2-2,충청북도,청주시,Chungcheongbuk-do,"Seowon-gu, Cheongju-si",127.4761,36.6208,영구임대,776,고위험(사각지대),0.3821,0.3918,0.3724,0.5826,0.65,0.0637,0.4207,0.3668,0.2242,1.0,52.01,7.4012,1,1,"영구임대 공급유형, 복지관 부재, 고령화율 상위 10%",57,0.1543
태백철암1,강원특별자치도,태백시,Gangwon-do,Taebaek-si,129.0407,37.1156,국민임대,213,고위험(사각지대),0.3661,0.4666,0.2655,0.2841,0.65,0.5586,0.4635,0.69,0.4392,1.0,57.451,5.3648,1,2,"복지시설 접근성 취약, 복지관 부재, 의료시설 접근성 취약",58,0.157
대구산격,대구광역시,북구,Daegu,Buk-gu,128.5948,35.9002,영구임대,1862,고위험(사각지대),0.3574,0.3553,0.3595,0.4986,0.55,0.0661,0.4324,0.5014,0.2693,1.0,58.251,3.7339,1,1,"영구임대 공급유형, 복지관 부재, 고령화율 상위권",59,0.1598
여천무선1,전라남도,여수시,Jellanam-do,Yeosu-si,127.6495,34.7724,영구임대,298,고위험(사각지대),0.3509,0.3458,0.3561,0.4993,0.55,0.0533,0.4579,0.4836,0.1499,1.0,60.399,2.8407,1,1,"영구임대 공급유형, 복지관 부재, 고령화율 상위권",60,0.1625
김제하동,전북특별자치도,김제시,Jeollabuk-do,Gimje-si,126.8962,35.8137,국민임대,79,고위험(사각지대),0.3504,0.4483,0.2526,0.5695,0.55,0.162,0.5097,0.6615,0.8143,1.0,62.919,5.2471,1,0,"고령화율 상위 10%, 복지관 부재, 초고령 인구 비중 높음",61,0.1653
광주쌍촌,광주광역시,서구,Gwangju,Seo-gu,126.8697,35.1472,영구임대,1416,고위험(사각지대),0.3477,0.345,0.3503,0.5572,0.45,0.0495,0.4653,0.4238,0.1046,1.0,62.029,2.8366,1,1,"영구임대 공급유형, 복지관 부재, 고령화율 상위 10%",62,0.168
괴산증평3,충청북도,증평군,Chungcheongbuk-do,Jeungpyeong-gun,127.582,36.7786,영구임대,358,고위험(사각지대),0.3472,0.3943,0.3,0.5801,0.2,0.2823,0.3896,0.4579,0.27,1.0,62.416,4.0496,1,1,"영구임대 공급유형, 의료시설 접근성 취약, 고령화율 상위 10%",63,0.1708
광주각화,광주광역시,북구,Gwangju,Buk-gu,126.9358,35.1802,영구임대,1408,고위험(사각지대),0.3429,0.3392,0.3466,0.5405,0.45,0.0377,0.4717,0.5078,0.0955,1.0,64.447,2.6369,1,1,"영구임대 공급유형, 복지관 부재, 고령화율 상위권",64,0.1736
강화신문2(마을정비형),인천광역시,강화군,Incheon,Ganghwa-gun,126.4796,37.7469,"국민임대, 영구임대, 행복주택",130,신규단지(판정유예),0.3397,0.3045,0.3749,0.2691,0.55,0.1676,0.3373,0.3125,0.5753,1.0,65.898,3.2606,1,0,"영구임대 공급유형, 복지관 부재, 복지시설 접근성 취약",65,0.1763
서울등촌7,서울특별시,강서구,Seoul,Gangseo-gu,126.8507,37.5602,영구임대,1146,고위험(사각지대),0.3396,0.3254,0.3538,0.4971,0.45,0.0202,0.5631,0.4836,0.1836,1.0,66.415,2.5641,1,3,"영구임대 공급유형, 복지관 부재, 고령화율 상위권",66,0.1791
부산반송,부산광역시,해운대구,Busan,Haeundae-gu,129.1593,35.2327,영구임대,1710,고위험(사각지대),0.3392,0.3818,0.2965,0.5771,0.3,0.1625,0.4285,0.4532,0.4569,1.0,65.91,3.2159,1,1,"영구임대 공급유형, 고령화율 상위 10%, 단지 내 생활복지시설 부족",67,0.1818
옹진백령(마을정비형),인천광역시,옹진군,Incheon,Ongjin-gun,124.7176,37.976,"국민임대, 영구임대",80,고위험(사각지대),0.3377,0.309,0.3664,0.2815,0.65,0.0868,0.5012,0.4627,0.4547,1.0,66.998,2.9645,1,3,"영구임대 공급유형, 복지관 부재, 단지 내 생활복지시설 부족",68,0.1846
강릉입암3,강원특별자치도,강릉시,Gangwon-do,Gangneung-si,128.9172,37.7646,영구임대,596,고위험(사각지대),0.3349,0.3739,0.2959,0.6007,0.2,0.1668,0.564,0.4893,0.247,1.0,68.201,2.7908,1,3,"영구임대 공급유형, 고령화율 상위 10%, 의료시설 접근성 취약",69,0.1873
무주남대천,전북특별자치도,무주군,Jeollabuk-do,Muju-gun,127.653,36.006,국민임대,303,고위험(사각지대),0.3298,0.4104,0.2493,0.1299,0.65,0.6028,0.4769,0.5528,0.2831,0.956,71.423,9.5944,1,2,"의료시설 접근성 취약, 복지관 부재, 복지시설 접근성 취약",70,0.1901
강변늘푸른타운,경상북도,안동시,Gyeongsangbuk-do,Andong-si,128.7286,36.5612,영구임대,150,고위험(사각지대),0.3297,0.3035,0.3559,0.3047,0.65,0.0616,0.4335,0.4983,0.3676,1.0,71.188,3.1024,1,1,"영구임대 공급유형, 복지관 부재, 단지 내 생활복지시설 부족",71,0.1928
김제검산,전북특별자치도,김제시,Jeollabuk-do,Gimje-si,126.8959,35.8075,영구임대,573,고위험(사각지대),0.3254,0.3537,0.2971,0.5857,0.1,0.1472,0.3977,0.275,0.7783,1.0,71.969,2.5187,1,1,"영구임대 공급유형, 고령화율 상위 10%, 복합 이상패턴 탐지",72,0.1956
나주용산,전라남도,나주시,Jellanam-do,Naju-si,126.7207,34.9941,영구임대,288,고위험(사각지대),0.3234,0.3583,0.2885,0.5125,0.2,0.2438,0.422,0.5214,0.2012,1.0,72.844,2.0605,1,1,"영구임대 공급유형, 고령화율 상위권, 복지시설 접근성 취약",73,0.1983
부산금곡1,부산광역시,북구,Busan,Buk-gu,129.0198,35.2671,영구임대,1099,중위험(잠재적사각지대),0.3224,0.3538,0.2909,0.5827,0.1,0.1533,0.5488,0.5363,0.3524,1.0,73.434,2.1826,1,3,"영구임대 공급유형, 고령화율 상위 10%, 의료시설 접근성 취약",74,0.2011
대전판암4,대전광역시,동구,Daejeon,Dong-gu,127.4613,36.3403,영구임대,2359,중위험(잠재적사각지대),0.3202,0.3562,0.2842,0.5696,0.2,0.1519,0.4581,0.4579,0.3541,1.0,75.236,1.9673,1,1,"영구임대 공급유형, 고령화율 상위 10%, 의료시설 접근성 취약",75,0.2039
부산금곡2,부산광역시,북구,Busan,Buk-gu,129.0154,35.2611,영구임대,1460,중위험(잠재적사각지대),0.3197,0.3509,0.2884,0.5762,0.2,0.1445,0.5487,0.3778,0.237,1.0,75.699,2.08,1,3,"영구임대 공급유형, 고령화율 상위 10%, 의료시설 접근성 취약",76,0.2066
울산화정,울산광역시,동구,Ulsan,Dong-gu,129.4187,35.4937,영구임대,984,중위험(잠재적사각지대),0.3114,0.3422,0.2806,0.5299,0.3,0.1056,0.5495,0.5179,0.1891,1.0,78.633,2.3269,1,3,"영구임대 공급유형, 고령화율 상위권, 단지 내 생활복지시설 부족",77,0.2094
부산모라1,부산광역시,사상구,Busan,Sasang-gu,128.9995,35.1852,영구임대,2529,중위험(잠재적사각지대),0.31,0.3335,0.2866,0.5231,0.1,0.1066,0.605,0.5528,0.6098,0.998,79.215,2.7153,1,3,"영구임대 공급유형, 고령화율 상위권, 복합 이상패턴 탐지",78,0.2121
보은이평,충청북도,보은군,Chungcheongbuk-do,Boeun-gun,127.7251,36.4837,국민임대,400,중위험(잠재적사각지대),0.3064,0.3794,0.2334,0.1445,0.65,0.5137,0.4626,0.4728,0.2227,0.651,89.08,20.255,0,2,"의료시설 접근성 취약, 복지관 부재, 복지시설 접근성 취약",79,0.2149
공주옥룡1,충청남도,공주시,Chungcheongnam-do,Gongju-si,127.1333,36.4479,영구임대,592,중위험(잠재적사각지대),0.3052,0.3315,0.2789,0.5072,0.2,0.1458,0.5263,0.5444,0.2021,0.963,82.971,3.5177,1,3,"영구임대 공급유형, 고령화율 상위권, 의료시설 접근성 취약",80,0.2176
가평읍내,경기도,가평군,Gyeonggi-do,Gapyeong-gun,127.5142,37.8324,공공임대(50년),355,중위험(잠재적사각지대),0.3043,0.3806,0.2281,0.1614,0.55,0.5232,0.4112,0.6373,0.2646,0.595,92.13,22.0794,0,2,"의료시설 접근성 취약, 복지관 부재, 단지 내 생활복지시설 부족",81,0.2204
서울수서,서울특별시,강남구,Seoul,Gangnam-gu,127.1004,37.4915,영구임대,2565,중위험(잠재적사각지대),0.3041,0.3291,0.2792,0.5215,0.2,0.0963,0.5528,0.5214,0.3624,0.963,83.562,3.2854,1,3,"영구임대 공급유형, 고령화율 상위권, 단지 내 생활복지시설 부족",82,0.2231
일산흰돌4,경기도,고양시,Gyeonggi-do,"Ilsandong-gu, Goyang-si",126.7857,37.6424,영구임대,1141,중위험(잠재적사각지대),0.3041,0.3279,0.2803,0.5575,0.2,0.0574,0.5438,0.5144,0.3399,0.931,83.684,3.9347,1,3,"영구임대 공급유형, 고령화율 상위권, 초고령 인구 비중 높음",83,0.2259
서울중계9,서울특별시,노원구,Seoul,Nowon-gu,127.0749,37.6423,영구임대,2694,중위험(잠재적사각지대),0.304,0.3341,0.2739,0.6406,0.1,0.0205,0.5763,0.5014,0.3902,0.861,84.548,5.4598,1,3,"영구임대 공급유형, 고령화율 상위 10%, 초고령 인구 비중 높음",84,0.2287
영천야사4,경상북도,영천시,Gyeongsangbuk-do,Yeongcheon-si,128.9445,35.9785,영구임대,447,중위험(잠재적사각지대),0.3028,0.3328,0.2727,0.5662,0.2,0.0713,0.5854,0.6038,0.1538,0.874,85.93,3.8321,1,3,"영구임대 공급유형, 고령화율 상위 10%, 단지 내 생활복지시설 부족",85,0.2314
구미황상3,경상북도,구미시,Gyeongsangbuk-do,Gumi-si,128.4308,36.1185,영구임대,600,중위험(잠재적사각지대),0.3025,0.3312,0.2737,0.5337,0.2,0.163,0.4476,0.4128,0.1032,0.854,86.196,4.0196,1,1,"영구임대 공급유형, 고령화율 상위권, 복지시설 접근성 취약",86,0.2342
여수문수1,전라남도,여수시,Jellanam-do,Yeosu-si,127.6926,34.7494,영구임대,1403,중위험(잠재적사각지대),0.3023,0.3291,0.2756,0.5424,0.2,0.0973,0.4359,0.4317,0.4105,0.861,86.725,3.5529,1,1,"영구임대 공급유형, 고령화율 상위권, 단지 내 생활복지시설 부족",87,0.2369
서귀포동홍3,제주특별자치도,서귀포시,Jeju-do,Seogwipo-si,126.5737,33.25,영구임대,400,중위험(잠재적사각지대),0.3021,0.3319,0.2724,0.5413,0.3,0.0928,0.4448,0.4093,0.1969,0.819,86.859,4.3712,1,1,"영구임대 공급유형, 고령화율 상위권, 단지 내 생활복지시설 부족",88,0.2397
부산금곡4,부산광역시,북구,Busan,Buk-gu,129.0148,35.2525,영구임대,1937,중위험(잠재적사각지대),0.3006,0.3319,0.2694,0.5632,0.2,0.115,0.4471,0.4836,0.1366,0.685,89.448,3.466,0,1,"영구임대 공급유형, 고령화율 상위권, 단지 내 생활복지시설 부족",89,0.2424
인천삼산,인천광역시,부평구,Incheon,Bupyeong-gu,126.7398,37.5174,영구임대,1972,중위험(잠재적사각지대),0.2994,0.3223,0.2764,0.5599,0.2,0.0569,0.5889,0.3778,0.3047,0.538,91.062,4.0763,0,3,"영구임대 공급유형, 고령화율 상위권, 단지 내 생활복지시설 부족",90,0.2452
제주아라,제주특별자치도,제주시,Jeju-do,Jeju-si,126.5463,33.4736,영구임대,696,중위험(잠재적사각지대),0.299,0.3283,0.2697,0.58,0.1,0.0934,0.4529,0.5979,0.2807,0.424,91.83,4.7421,0,1,"영구임대 공급유형, 고령화율 상위 10%, 초고령 인구 비중 높음",91,0.2479
대전판암3,대전광역시,동구,Daejeon,Dong-gu,127.4586,36.3161,영구임대,768,중위험(잠재적사각지대),0.2973,0.3214,0.2731,0.5676,0.2,0.0655,0.5498,0.3695,0.2225,0.238,93.817,4.2253,0,3,"영구임대 공급유형, 고령화율 상위 10%, 단지 내 생활복지시설 부족",92,0.2507
대전산내,대전광역시,동구,Daejeon,Dong-gu,127.4681,36.2846,영구임대,624,중위험(잠재적사각지대),0.296,0.3167,0.2752,0.502,0.1,0.1651,0.5445,0.4893,0.1781,0.11,95.504,4.4614,0,3,"영구임대 공급유형, 고령화율 상위권, 의료시설 접근성 취약",93,0.2534
군산나운4,전북특별자치도,군산시,Jeollabuk-do,Gunsan-si,126.7104,35.9686,영구임대,1954,중위험(잠재적사각지대),0.2954,0.3293,0.2616,0.6022,0.2,0.0459,0.5022,0.5144,0.1556,0.07,96.636,5.0913,0,1,"영구임대 공급유형, 고령화율 상위 10%, 단지 내 생활복지시설 부족",94,0.2562
대구안심3,대구광역시,동구,Daegu,Dong-gu,128.702,35.8662,영구임대,984,중위험(잠재적사각지대),0.2952,0.3226,0.2677,0.5213,0.3,0.0781,0.4249,0.4442,0.2351,0.04,96.754,4.5292,0,1,"영구임대 공급유형, 고령화율 상위권, 단지 내 생활복지시설 부족",95,0.259
부산덕천2,부산광역시,북구,Busan,Buk-gu,129.0163,35.2091,영구임대,1507,중위험(잠재적사각지대),0.2935,0.3165,0.2706,0.5287,0.3,0.0417,0.5358,0.4277,0.1994,0.009,99.542,5.3811,0,3,"영구임대 공급유형, 고령화율 상위권, 단지 내 생활복지시설 부족",96,0.2617
일산문촌9,경기도,고양시,Gyeonggi-do,"Ilsanseo-gu, Goyang-si",126.7611,37.6715,영구임대,496,중위험(잠재적사각지대),0.2934,0.3169,0.2698,0.5561,0.2,0.0358,0.5839,0.5713,0.1715,0.004,99.83,5.47,0,3,"영구임대 공급유형, 고령화율 상위권, 초고령 인구 비중 높음",97,0.2645
부산모라3,부산광역시,사상구,Busan,Sasang-gu,129.0005,35.184,영구임대,2385,중위험(잠재적사각지대),0.2932,0.3118,0.2746,0.5055,0.1,0.1182,0.5772,0.4893,0.3221,0.0,99.758,4.8228,0,3,"영구임대 공급유형, 고령화율 상위권, 의료시설 접근성 취약",98,0.2672
거제일운,경상남도,거제시,Gyeongsangnam-do,Geoje-si,128.6955,34.8379,국민임대,470,중위험(잠재적사각지대),0.2932,0.3569,0.2295,0.175,0.55,0.4502,0.5561,0.4781,0.1802,0.375,106.173,27.2882,0,0,"복지시설 접근성 취약, 복지관 부재, 고령화율 상위권",99,0.27
서울중계3,서울특별시,노원구,Seoul,Nowon-gu,127.0759,37.6567,영구임대,1455,중위험(잠재적사각지대),0.2925,0.3228,0.2622,0.5923,0.2,0.0394,0.4855,0.4358,0.2344,0.0,101.493,5.6738,0,1,"영구임대 공급유형, 고령화율 상위 10%, 단지 내 생활복지시설 부족",100,0.2727
대구황금3,대구광역시,수성구,Daegu,Suseong-gu,128.6312,35.8429,영구임대,978,중위험(잠재적사각지대),0.2916,0.3155,0.2677,0.4777,0.3,0.0795,0.4566,0.4893,0.3282,0.0,102.731,5.489,0,1,"영구임대 공급유형, 고령화율 상위권, 단지 내 생활복지시설 부족",101,0.2755
아산읍내,충청남도,아산시,Chungcheongnam-do,Asan-si,127.0145,36.7624,영구임대,1223,중위험(잠재적사각지대),0.2912,0.3057,0.2768,0.5613,0.0,0.0983,0.5133,0.3516,0.4385,0.001,103.378,6.7996,0,3,"영구임대 공급유형, 고령화율 상위권, 복합 이상패턴 탐지",102,0.2782
음성신천,충청북도,음성군,Chungcheongbuk-do,Eumseong-gun,127.6913,36.9261,국민임대,516,중위험(잠재적사각지대),0.2909,0.3543,0.2276,0.1989,0.35,0.5154,0.5611,0.4677,0.1777,0.33,109.928,28.4001,0,0,"의료시설 접근성 취약, 복지관 부재, 복지시설 접근성 취약",103,0.281
대구안심1,대구광역시,동구,Daegu,Dong-gu,128.6991,35.8658,영구임대,864,중위험(잠재적사각지대),0.2905,0.312,0.2691,0.5294,0.2,0.0774,0.5992,0.4024,0.1566,0.0,104.606,4.981,0,3,"영구임대 공급유형, 고령화율 상위권, 단지 내 생활복지시설 부족",104,0.2837
여수미평1,전라남도,여수시,Jellanam-do,Yeosu-si,127.7077,34.7709,영구임대,537,중위험(잠재적사각지대),0.2901,0.3152,0.2651,0.5377,0.2,0.1031,0.3838,0.4358,0.177,0.0,105.113,4.7829,0,1,"영구임대 공급유형, 고령화율 상위권, 단지 내 생활복지시설 부족",105,0.2865
속초청초1,강원특별자치도,속초시,Gangwon-do,Sokcho-si,128.5755,38.1969,"영구임대, 임대상가, 분양주택, 장기전세",478,중위험(잠재적사각지대),0.2892,0.3133,0.2652,0.5133,0.09,0.1378,0.4796,0.5144,0.272,0.0,107.271,6.6985,0,1,"영구임대 공급유형, 고령화율 상위권, 의료시설 접근성 취약",106,0.2893
안동옥동2,경상북도,안동시,Gyeongsangbuk-do,Andong-si,128.697,36.5669,영구임대,1164,중위험(잠재적사각지대),0.2877,0.3142,0.2613,0.5339,0.2,0.0916,0.4349,0.5078,0.1351,0.0,109.024,5.0279,0,1,"영구임대 공급유형, 고령화율 상위권, 단지 내 생활복지시설 부족",107,0.292
안산고잔1,경기도,안산시,Gyeonggi-do,"Sangnok-gu, Ansan-si",126.8531,37.3063,공공임대(50년),489,중위험(잠재적사각지대),0.2872,0.4251,0.1494,0.79,0.3,0.0577,0.4567,0.4164,0.4994,0.249,117.413,31.1968,0,2,"고령화율 상위 10%, 초고령 인구 비중 높음, 단지 내 생활복지시설 부족",108,0.2948
문경모전2,경상북도,문경시,Gyeongsangbuk-do,Mungyeong-si,128.1844,36.588,영구임대,388,중위험(잠재적사각지대),0.2867,0.3101,0.2634,0.5648,0.1,0.0524,0.5731,0.5713,0.1959,0.0,110.977,6.5882,0,3,"영구임대 공급유형, 고령화율 상위 10%, 거버넌스 활동 부족",109,0.2975
인천만수7,인천광역시,남동구,Incheon,Namdong-gu,126.7386,37.45,영구임대,1466,중위험(잠재적사각지대),0.2866,0.3141,0.2592,0.5576,0.2,0.0647,0.5104,0.4579,0.1071,0.0,111.307,5.6403,0,1,"영구임대 공급유형, 고령화율 상위권, 단지 내 생활복지시설 부족",110,0.3003
대전둔산1,대전광역시,서구,Daejeon,Seo-gu,127.3688,36.3628,영구임대,1485,중위험(잠재적사각지대),0.2865,0.3067,0.2662,0.5209,0.2,0.0681,0.5665,0.4952,0.1131,0.0,111.443,5.6058,0,3,"영구임대 공급유형, 고령화율 상위권, 단지 내 생활복지시설 부족",111,0.303
순천조례5,전라남도,순천시,Jellanam-do,Suncheon-si,127.5156,34.9617,영구임대,921,중위험(잠재적사각지대),0.2862,0.3122,0.2603,0.5288,0.3,0.0427,0.4201,0.4808,0.1677,0.0,112.317,6.4799,0,1,"영구임대 공급유형, 고령화율 상위권, 단지 내 생활복지시설 부족",112,0.3058
마산중리1,경상남도,창원시,Gyeongsangnam-do,"Masanhoewon-gu, Changwon-si",128.4997,35.2427,영구임대,996,중위험(잠재적사각지대),0.2848,0.3013,0.2682,0.5214,0.1,0.0931,0.5252,0.5144,0.1854,0.0,115.778,7.0401,0,3,"영구임대 공급유형, 고령화율 상위권, 복지시설 접근성 취약",113,0.3085
원주명륜2,강원특별자치도,원주시,Gangwon-do,Wonju-si,127.942,37.3319,영구임대,1133,중위험(잠재적사각지대),0.2846,0.3096,0.2595,0.5604,0.2,0.0577,0.3969,0.4677,0.1454,0.0,115.924,5.8817,0,1,"영구임대 공급유형, 고령화율 상위권, 단지 내 생활복지시설 부족",114,0.3113
의정부장암1,경기도,의정부시,Gyeonggi-do,Uijeongbu-si,127.0572,37.7258,영구임대,1122,중위험(잠재적사각지대),0.2841,0.3117,0.2564,0.5693,0.2,0.0511,0.4989,0.4781,0.0504,0.0,117.379,6.4852,0,1,"영구임대 공급유형, 고령화율 상위권, 단지 내 생활복지시설 부족",115,0.314
춘천석사3,강원특별자치도,춘천시,Gangwon-do,Chuncheon-si,127.7576,37.8715,영구임대,686,중위험(잠재적사각지대),0.2839,0.3088,0.259,0.584,0.1,0.0648,0.4144,0.5214,0.1579,0.0,118.143,7.4214,0,1,"영구임대 공급유형, 고령화율 상위 10%, 초고령 인구 비중 높음",116,0.3168
청주산남2-1,충청북도,청주시,Chungcheongbuk-do,"Seowon-gu, Cheongju-si",127.4762,36.6169,"영구임대, 행복주택",1339,중위험(잠재적사각지대),0.2832,0.3099,0.2565,0.5619,0.2,0.055,0.4525,0.4781,0.0913,0.0,120.031,6.2964,0,1,"영구임대 공급유형, 고령화율 상위권, 단지 내 생활복지시설 부족",117,0.3196
인천연수1,인천광역시,연수구,Incheon,Yeonsu-gu,126.6922,37.4219,영구임대,1654,중위험(잠재적사각지대),0.283,0.3001,0.2659,0.5455,0.2,0.0153,0.5686,0.3722,0.2585,0.0,120.256,7.4071,0,3,"영구임대 공급유형, 고령화율 상위권, 단지 내 생활복지시설 부족",118,0.3223
JDC리슈빌(청약),제주특별자치도,제주시,Jeju-do,Jeju-si,126.5735,33.4582,장기전세,391,중위험(잠재적사각지대),0.2824,0.27,0.2948,0.1499,0.45,0.241,0.4647,0.4527,0.399,0.178,123.686,31.7918,0,4,"경로당 부재(장기전세 보정 반영), 복지시설 접근성 취약, 복지관 부재(장기전세 보정 반영)",119,0.3251
전주평화1,전북특별자치도,전주시,Jeollabuk-do,"Wansan-gu, Jeonju-si",127.1423,35.7962,영구임대,1650,중위험(잠재적사각지대),0.2821,0.3048,0.2595,0.5785,0.1,0.0766,0.4365,0.359,0.1829,0.0,123.677,7.6601,0,1,"영구임대 공급유형, 고령화율 상위 10%, 초고령 인구 비중 높음",120,0.3278
익산동산,전북특별자치도,익산시,Jeollabuk-do,Iksan-si,126.9703,35.9327,영구임대,686,중위험(잠재적사각지대),0.2821,0.2922,0.2719,0.5246,0.0,0.0895,0.51,0.3565,0.4943,0.0,123.263,10.2725,0,3,"영구임대 공급유형, 고령화율 상위권, 복합 이상패턴 탐지",121,0.3306
진해자은,경상남도,창원시,Gyeongsangnam-do,"Jinhae-gu, Changwon-si",128.7076,35.1496,영구임대,456,중위험(잠재적사각지대),0.2818,0.3001,0.2635,0.5128,0.2,0.0362,0.5771,0.4983,0.2306,0.0,123.622,6.9231,0,3,"영구임대 공급유형, 고령화율 상위권, 단지 내 생활복지시설 부족",122,0.3333
중동덕유1,경기도,부천시,Gyeonggi-do,Bucheon-si,126.7646,37.5089,영구임대,956,중위험(잠재적사각지대),0.2817,0.3069,0.2565,0.5517,0.2,0.0504,0.4704,0.5014,0.094,0.0,124.392,6.814,0,1,"영구임대 공급유형, 고령화율 상위권, 단지 내 생활복지시설 부족",123,0.3361
광명하안13,경기도,광명시,Gyeonggi-do,Gwangmyeong-si,126.8888,37.4526,영구임대,3292,중위험(잠재적사각지대),0.2816,0.3019,0.2612,0.5229,0.2,0.0354,0.4498,0.4893,0.3349,0.0,124.548,7.0114,0,1,"영구임대 공급유형, 고령화율 상위권, 단지 내 생활복지시설 부족",124,0.3388
남원노암,전북특별자치도,남원시,Jeollabuk-do,Namwon-si,127.3773,35.3953,"공공임대(50년), 영구임대",625,중위험(잠재적사각지대),0.281,0.3028,0.2592,0.5137,0.2,0.0936,0.4696,0.3695,0.1456,0.0,126.508,7.0423,0,1,"영구임대 공급유형, 고령화율 상위권, 단지 내 생활복지시설 부족",125,0.3416
일산문촌7,경기도,고양시,Gyeonggi-do,"Ilsanseo-gu, Goyang-si",126.7559,37.6747,영구임대,645,중위험(잠재적사각지대),0.2808,0.3033,0.2582,0.5107,0.3,0.0323,0.4406,0.5214,0.1289,0.0,126.833,8.1214,0,1,"영구임대 공급유형, 고령화율 상위권, 단지 내 생활복지시설 부족",126,0.3444
천안병천신한,충청남도,천안시,Chungcheongnam-do,"Dongnam-gu, Cheonan-si",127.2882,36.7651,"분양주택, 국민임대",474,중위험(잠재적사각지대),0.2807,0.3548,0.2066,0.2674,0.65,0.3147,0.4688,0.4702,0.0974,0.14,127.158,30.5952,0,2,"복지관 부재, 의료시설 접근성 취약, 고령화율 상위권",127,0.3471
부흥관악,경기도,안양시,Gyeonggi-do,"Dongan-gu, Anyang-si",126.9479,37.395,영구임대,489,중위험(잠재적사각지대),0.2803,0.3059,0.2548,0.5533,0.2,0.0378,0.4831,0.5214,0.1105,0.0,128.945,7.1807,0,1,"영구임대 공급유형, 고령화율 상위권, 단지 내 생활복지시설 부족",128,0.3499
인천갈산2,인천광역시,부평구,Incheon,Bupyeong-gu,126.7277,37.513,영구임대,1170,중위험(잠재적사각지대),0.2803,0.2984,0.2622,0.5386,0.2,0.0197,0.5598,0.4677,0.162,0.0,128.818,7.48,0,3,"영구임대 공급유형, 고령화율 상위권, 단지 내 생활복지시설 부족",129,0.3526
포항창포1,경상북도,포항시,Gyeongsangbuk-do,"Buk-gu, Pohang-si",129.3707,36.0653,영구임대,984,중위험(잠재적사각지대),0.2799,0.3008,0.259,0.5348,0.1,0.0571,0.5779,0.6164,0.1513,0.0,129.797,7.8321,0,3,"영구임대 공급유형, 고령화율 상위권, 거버넌스 활동 부족",130,0.3554
정읍수성1,전북특별자치도,정읍시,Jeollabuk-do,Jeongeup-si,126.8542,35.583,영구임대,925,중위험(잠재적사각지대),0.2794,0.3001,0.2588,0.5338,0.1,0.0974,0.4398,0.4983,0.143,0.0,130.819,7.3354,0,1,"영구임대 공급유형, 고령화율 상위권, 초고령 인구 비중 높음",131,0.3581
목포상동1,전라남도,목포시,Jellanam-do,Mokpo-si,126.4125,34.8146,영구임대,480,중위험(잠재적사각지대),0.279,0.3031,0.2549,0.5086,0.3,0.026,0.431,0.5444,0.1671,0.0,131.885,7.8115,0,1,"영구임대 공급유형, 고령화율 상위권, 단지 내 생활복지시설 부족",132,0.3609
분당목련1,경기도,성남시,Gyeonggi-do,"Bundang-gu, Seongnam-si",127.1193,37.4055,영구임대,1460,중위험(잠재적사각지대),0.2782,0.2948,0.2615,0.5149,0.2,0.0564,0.4186,0.3516,0.2858,0.0,134.12,6.8529,0,1,"영구임대 공급유형, 고령화율 상위권, 단지 내 생활복지시설 부족",133,0.3636
산본주몽1,경기도,군포시,Gyeonggi-do,Gunpo-si,126.9281,37.3631,영구임대,1191,중위험(잠재적사각지대),0.2773,0.2976,0.2569,0.5107,0.3,0.0115,0.4621,0.4442,0.2039,0.0,136.213,8.1003,0,1,"영구임대 공급유형, 고령화율 상위권, 단지 내 생활복지시설 부족",134,0.3664
진주평거2,경상남도,진주시,Gyeongsangnam-do,Jinju-si,128.0545,35.1689,영구임대,480,중위험(잠재적사각지대),0.2772,0.2943,0.2601,0.5123,0.1,0.0881,0.3793,0.4486,0.3532,0.0,135.914,7.3398,0,1,"영구임대 공급유형, 고령화율 상위권, 복합 이상패턴 탐지",135,0.3691
연천전곡1,경기도,연천군,Gyeonggi-do,Yeoncheon-gun,127.0713,38.0169,국민임대,428,중위험(잠재적사각지대),0.277,0.3403,0.2138,0.1538,0.55,0.4362,0.4304,0.5363,0.1574,0.107,132.908,30.8361,0,2,"복지관 부재, 복지시설 접근성 취약, 의료시설 접근성 취약",136,0.3719
광주오치1,광주광역시,북구,Gwangju,Buk-gu,126.901,35.186,영구임대,1658,중위험(잠재적사각지대),0.2754,0.283,0.2678,0.5024,0.1,0.0441,0.491,0.4024,0.4174,0.0,139.983,8.664,0,3,"영구임대 공급유형, 고령화율 상위권, 복합 이상패턴 탐지",137,0.3747
분당청솔6,경기도,성남시,Gyeonggi-do,"Bundang-gu, Seongnam-si",127.1108,37.3537,영구임대,1250,중위험(잠재적사각지대),0.2753,0.2973,0.2532,0.5283,0.2,0.0579,0.4817,0.4486,0.0663,0.0,139.743,7.5062,0,1,"영구임대 공급유형, 고령화율 상위권, 단지 내 생활복지시설 부족",138,0.3774
천안성정4,충청남도,천안시,Chungcheongnam-do,"Seobuk-gu, Cheonan-si",127.1334,36.8246,영구임대,504,중위험(잠재적사각지대),0.2747,0.2935,0.2559,0.4956,0.2,0.0728,0.4174,0.4728,0.1766,0.0,141.261,7.1563,0,1,"영구임대 공급유형, 고령화율 상위권, 단지 내 생활복지시설 부족",139,0.3802
서울우면,서울특별시,서초구,Seoul,Seocho-gu,127.0247,37.4701,영구임대,984,중위험(잠재적사각지대),0.2745,0.2945,0.2545,0.5265,0.1,0.1027,0.4966,0.3896,0.1003,0.0,141.687,7.7816,0,1,"영구임대 공급유형, 고령화율 상위권, 의료시설 접근성 취약",140,0.3829
서울중계1,서울특별시,노원구,Seoul,Nowon-gu,127.0651,37.6473,영구임대,882,중위험(잠재적사각지대),0.2741,0.296,0.2523,0.5511,0.2,0.032,0.463,0.3927,0.114,0.0,142.538,8.3916,0,1,"영구임대 공급유형, 고령화율 상위권, 단지 내 생활복지시설 부족",141,0.3857
원주문막1,강원특별자치도,원주시,Gangwon-do,Wonju-si,127.8259,37.3172,국민임대,498,중위험(잠재적사각지대),0.2737,0.3361,0.2112,0.1432,0.55,0.4222,0.4752,0.6164,0.1193,0.072,139.51,30.6096,0,2,"복지관 부재, 복지시설 접근성 취약, 의료시설 접근성 취약",142,0.3884
대구월성3,대구광역시,달서구,Daegu,Dalseo-gu,128.5309,35.8324,영구임대,1482,중위험(잠재적사각지대),0.2731,0.2953,0.2509,0.5355,0.2,0.0376,0.4628,0.4781,0.0931,0.0,145.903,8.2532,0,1,"영구임대 공급유형, 고령화율 상위권, 단지 내 생활복지시설 부족",143,0.3912
서울가양,서울특별시,강서구,Seoul,Gangseo-gu,126.8608,37.5622,영구임대,1998,중위험(잠재적사각지대),0.2727,0.2919,0.2534,0.5073,0.2,0.0477,0.4611,0.4836,0.1652,0.0,147.093,7.9037,0,1,"영구임대 공급유형, 고령화율 상위권, 단지 내 생활복지시설 부족",144,0.3939
부산동삼1,부산광역시,영도구,Busan,Yeongdo-gu,129.0675,35.0833,영구임대,976,중위험(잠재적사각지대),0.2726,0.2963,0.2489,0.5729,0.1,0.0563,0.4583,0.4836,0.0388,0.0,146.774,9.2523,0,1,"영구임대 공급유형, 고령화율 상위 10%, 초고령 인구 비중 높음",145,0.3967
진해청안해오름,경상남도,창원시,Gyeongsangnam-do,"Jinhae-gu, Changwon-si",128.7907,35.1201,"분양주택, 공공임대(10년), 공공임대(50년), 국민임대",274,관심,0.2726,0.33,0.2152,0.1151,0.65,0.3344,0.6395,0.6164,0.2772,0.056,141.45,30.1371,0,0,"복지관 부재, 단지 내 생활복지시설 부족, 의료시설 접근성 취약",146,0.3994
부산동삼2,부산광역시,영도구,Busan,Yeongdo-gu,129.0699,35.0856,영구임대,1968,관심,0.2723,0.2942,0.2504,0.539,0.1,0.0613,0.4786,0.5528,0.1227,0.0,147.531,8.202,0,1,"영구임대 공급유형, 고령화율 상위권, 거버넌스 활동 부족",147,0.4022
대전중촌2,대전광역시,중구,Daejeon,Jung-gu,127.41,36.3442,영구임대,1060,관심,0.2716,0.2928,0.2504,0.5365,0.1,0.0463,0.4835,0.5922,0.1668,0.0,149.956,8.5657,0,1,"영구임대 공급유형, 고령화율 상위권, 거버넌스 활동 부족",148,0.405
영주가흥1,경상북도,영주시,Gyeongsangbuk-do,Yeongju-si,128.6103,36.8094,"공공임대(50년), 영구임대",1041,관심,0.2714,0.2846,0.2582,0.4669,0.2,0.0488,0.4506,0.4509,0.3509,0.0,150.26,8.8703,0,1,"영구임대 공급유형, 고령화율 상위권, 단지 내 생활복지시설 부족",149,0.4077
진주가좌1,경상남도,진주시,Gyeongsangnam-do,Jinju-si,128.1092,35.1616,영구임대,627,관심,0.2711,0.2922,0.2501,0.5181,0.1,0.0919,0.4372,0.5618,0.0735,0.0,151.279,8.1277,0,1,"영구임대 공급유형, 고령화율 상위권, 거버넌스 활동 부족",150,0.4105
전주평화4,전북특별자치도,전주시,Jeollabuk-do,"Wansan-gu, Jeonju-si",127.1329,35.7915,영구임대,1223,관심,0.271,0.2881,0.2539,0.5547,0.1,0.0438,0.4658,0.3006,0.2634,0.0,151.673,9.4683,0,1,"영구임대 공급유형, 고령화율 상위 10%, 초고령 인구 비중 높음",151,0.4132
서울등촌4,서울특별시,강서구,Seoul,Gangseo-gu,126.8437,37.5607,영구임대,1575,관심,0.2699,0.2797,0.26,0.4874,0.1,0.0405,0.5845,0.5078,0.2852,0.0,154.543,9.1962,0,3,"영구임대 공급유형, 고령화율 상위권, 복합 이상패턴 탐지",152,0.416
상주냉림3,경상북도,상주시,Gyeongsangbuk-do,Sangju-si,128.1661,36.4219,영구임대,478,관심,0.2697,0.2876,0.2519,0.5479,0.1,0.0566,0.4749,0.4277,0.0845,0.0,155.359,8.9861,0,1,"영구임대 공급유형, 고령화율 상위권, 초고령 인구 비중 높음",153,0.4187
서울등촌1,서울특별시,강서구,Seoul,Gangseo-gu,126.8423,37.564,영구임대,1670,관심,0.2696,0.2813,0.2579,0.5174,0.1,0.0383,0.5859,0.4358,0.1805,0.0,155.678,8.9655,0,3,"영구임대 공급유형, 고령화율 상위권, 초고령 인구 비중 높음",154,0.4215
평택합정3,경기도,평택시,Gyeonggi-do,Pyeongtaek-si,127.0891,36.9897,영구임대,480,관심,0.2695,0.2881,0.2509,0.5987,0.0,0.037,0.4484,0.3896,0.2325,0.0,155.986,11.8289,0,1,"영구임대 공급유형, 고령화율 상위 10%, 초고령 인구 비중 높음",155,0.4242
대전법동3,대전광역시,대덕구,Daejeon,Daedeok-gu,127.4254,36.371,영구임대,1488,관심,0.2687,0.2872,0.2501,0.5021,0.2,0.0545,0.4521,0.4781,0.0797,0.0,157.973,8.7154,0,1,"영구임대 공급유형, 고령화율 상위권, 단지 내 생활복지시설 부족",156,0.427
광주두암4,광주광역시,북구,Gwangju,Buk-gu,126.9382,35.1628,영구임대,1133,관심,0.2685,0.2863,0.2508,0.5309,0.1,0.057,0.4585,0.4486,0.1762,0.0,158.675,8.8611,0,1,"영구임대 공급유형, 고령화율 상위권, 초고령 인구 비중 높음",157,0.4298
대전둔산3,대전광역시,서구,Daejeon,Seo-gu,127.3688,36.3628,영구임대,1386,관심,0.2681,0.2865,0.2498,0.5205,0.1,0.0681,0.4891,0.5214,0.0835,0.0,159.449,8.8719,0,1,"영구임대 공급유형, 고령화율 상위권, 초고령 인구 비중 높음",158,0.4325
밀양삼문휴먼시아,경상남도,밀양시,Gyeongsangnam-do,Miryang-si,128.7512,35.4801,국민임대,861,관심,0.2674,0.3205,0.2143,0.148,0.45,0.417,0.567,0.4952,0.1534,0.024,151.138,28.9228,0,0,"복지관 부재, 복지시설 접근성 취약, 의료시설 접근성 취약",159,0.4353
광주하남1,광주광역시,광산구,Gwangju,Gwangsan-gu,126.8046,35.1647,영구임대,1878,관심,0.2661,0.2807,0.2516,0.4967,0.2,0.0383,0.4404,0.4128,0.1697,0.0,164.192,9.3342,0,1,"영구임대 공급유형, 고령화율 상위권, 단지 내 생활복지시설 부족",160,0.438
서울대방1,서울특별시,동작구,Seoul,Dongjak-gu,126.9301,37.5101,영구임대,925,관심,0.266,0.2779,0.2541,0.5167,0.1,0.0374,0.5539,0.4358,0.1574,0.0,164.484,9.8759,0,3,"영구임대 공급유형, 고령화율 상위권, 거버넌스 활동 부족",161,0.4408
대구월성2,대구광역시,달서구,Daegu,Dalseo-gu,128.5275,35.83,영구임대,2364,관심,0.2655,0.2828,0.2483,0.5308,0.1,0.0378,0.4558,0.4952,0.1865,0.0,165.931,9.8944,0,1,"영구임대 공급유형, 고령화율 상위권, 초고령 인구 비중 높음",162,0.4435
춘천효자8,강원특별자치도,춘천시,Gangwon-do,Chuncheon-si,127.7382,37.8647,영구임대,610,관심,0.2653,0.281,0.2496,0.5251,0.1,0.0542,0.4546,0.4627,0.1225,0.0,166.477,9.6951,0,1,"영구임대 공급유형, 고령화율 상위권, 초고령 인구 비중 높음",163,0.4463
포항학산,경상북도,포항시,Gyeongsangbuk-do,"Buk-gu, Pohang-si",129.3634,36.0507,영구임대,485,관심,0.2653,0.2859,0.2447,0.5313,0.1,0.0555,0.4505,0.5618,0.0695,0.0,166.623,10.0581,0,1,"영구임대 공급유형, 고령화율 상위권, 거버넌스 활동 부족",164,0.449
제주고성,제주특별자치도,제주시,Jeju-do,Jeju-si,126.411,33.4655,국민임대,207,관심,0.2648,0.3163,0.2133,0.1441,0.55,0.3374,0.4706,0.3024,0.5758,0.007,155.953,27.5013,0,2,"복지관 부재, 의료시설 접근성 취약, 복지시설 접근성 취약",165,0.4518
수원우만3,경기도,수원시,Gyeonggi-do,"Paldal-gu, Suwon-si",127.0343,37.2924,영구임대,1213,관심,0.2648,0.2768,0.2529,0.5476,0.0,0.0548,0.4087,0.359,0.3375,0.0,168.075,11.5526,0,1,"영구임대 공급유형, 고령화율 상위권, 복합 이상패턴 탐지",166,0.4545
서울번동5,서울특별시,강북구,Seoul,Gangbuk-gu,127.038,37.6321,영구임대,1123,관심,0.2646,0.2804,0.2487,0.4921,0.2,0.0345,0.4297,0.4893,0.157,0.0,167.998,9.6534,0,1,"영구임대 공급유형, 고령화율 상위권, 단지 내 생활복지시설 부족",167,0.4573
진해청안그린빌,경상남도,창원시,Gyeongsangnam-do,"Jinhae-gu, Changwon-si",128.7819,35.1275,"분양주택, 국민임대",150,관심,0.264,0.3193,0.2086,0.1307,0.65,0.3163,0.5866,0.5464,0.1888,0.008,157.546,27.0766,0,0,"복지관 부재, 단지 내 생활복지시설 부족, 의료시설 접근성 취약",168,0.4601
중동한라1,경기도,부천시,Gyeonggi-do,Bucheon-si,126.7626,37.5089,영구임대,925,관심,0.2634,0.2808,0.246,0.5392,0.1,0.0476,0.4479,0.4579,0.0678,0.0,171.606,10.6733,0,1,"영구임대 공급유형, 고령화율 상위권, 초고령 인구 비중 높음",169,0.4628
경산백천1,경상북도,경산시,Gyeongsangbuk-do,Gyeongsan-si,128.74,35.8043,"공공임대(50년), 영구임대",627,관심,0.2624,0.2772,0.2475,0.4807,0.2,0.0371,0.4144,0.5618,0.1016,0.0,172.925,10.2055,0,1,"영구임대 공급유형, 고령화율 상위권, 단지 내 생활복지시설 부족",170,0.4656
천안쌍용1,충청남도,천안시,Chungcheongnam-do,"Seobuk-gu, Cheonan-si",127.1255,36.8023,영구임대,984,관심,0.2623,0.2765,0.2481,0.5083,0.2,0.0253,0.4222,0.4024,0.1122,0.0,173.448,10.6241,0,1,"영구임대 공급유형, 고령화율 상위권, 단지 내 생활복지시설 부족",171,0.4683
울산달동3,울산광역시,남구,Ulsan,Nam-gu,129.3277,35.5333,영구임대,1378,관심,0.2615,0.2781,0.2448,0.4987,0.2,0.0316,0.4502,0.4893,0.0607,0.0,175.6,10.6935,0,1,"영구임대 공급유형, 고령화율 상위권, 단지 내 생활복지시설 부족",172,0.4711
거제장평,경상남도,거제시,Gyeongsangnam-do,Geoje-si,128.6088,34.8854,국민임대,405,관심,0.2607,0.3147,0.2068,0.1021,0.65,0.3609,0.4471,0.5618,0.1493,0.008,162.676,27.286,0,2,"복지시설 접근성 취약, 복지관 부재, 단지 내 생활복지시설 부족",173,0.4738
보령명천2,충청남도,보령시,Chungcheongnam-do,Boryeong-si,126.6027,36.3422,"공공임대(50년), 영구임대",893,관심,0.2606,0.2735,0.2478,0.4873,0.1,0.0877,0.4424,0.4277,0.0802,0.0,176.696,10.6727,0,1,"영구임대 공급유형, 고령화율 상위권, 의료시설 접근성 취약",174,0.4766
김해구산1,경상남도,김해시,Gyeongsangnam-do,Gimhae-si,128.8757,35.2462,영구임대,552,관심,0.2601,0.266,0.2541,0.45,0.2,0.038,0.5229,0.3991,0.1518,0.0,177.744,11.0092,0,3,"영구임대 공급유형, 고령화율 상위권, 단지 내 생활복지시설 부족",175,0.4793
광주두암2,광주광역시,북구,Gwangju,Buk-gu,126.9365,35.1624,영구임대,1640,관심,0.2598,0.2718,0.2478,0.5291,0.0,0.0476,0.4728,0.4317,0.2834,0.0,177.926,12.1768,0,1,"영구임대 공급유형, 고령화율 상위권, 복합 이상패턴 탐지",176,0.4821
음성금왕1,충청북도,음성군,Chungcheongbuk-do,Eumseong-gun,127.5934,36.9884,공공임대(50년),491,관심,0.2578,0.3161,0.1995,0.1337,0.55,0.356,0.5104,0.6164,0.1736,0.0,167.793,24.2835,0,2,"복지관 부재, 의료시설 접근성 취약, 단지 내 생활복지시설 부족",177,0.4848
지금2힐스테이트,경기도,남양주시,Gyeonggi-do,Namyangju-si,127.1641,37.6085,장기전세,33,관심,0.2568,0.2362,0.2774,0.1488,0.45,0.1406,0.4925,0.4993,0.3012,0.0,167.645,25.4335,0,4,"경로당 부재(장기전세 보정 반영), 고령화율 상위권, 복지관 부재(장기전세 보정 반영)",178,0.4876
서울번동2,서울특별시,강북구,Seoul,Gangbuk-gu,127.0452,37.6256,영구임대,1766,관심,0.2563,0.266,0.2465,0.499,0.0,0.0673,0.4914,0.4378,0.2373,0.0,183.606,12.8377,0,1,"영구임대 공급유형, 고령화율 상위권, 거버넌스 활동 부족",179,0.4904
서울등촌9,서울특별시,강서구,Seoul,Gangseo-gu,126.8498,37.5618,영구임대,1445,관심,0.2558,0.2615,0.2501,0.4706,0.1,0.0236,0.5745,0.5078,0.1631,0.0,184.216,12.8226,0,3,"영구임대 공급유형, 고령화율 상위권, 거버넌스 활동 부족",180,0.4931
광주우산3,광주광역시,북구,Gwangju,Buk-gu,126.9187,35.1777,영구임대,1274,관심,0.2553,0.2676,0.2431,0.5478,0.0,0.0295,0.4766,0.4238,0.1809,0.0,185.311,13.9009,0,1,"영구임대 공급유형, 고령화율 상위권, 초고령 인구 비중 높음",181,0.4959
대구성서1,대구광역시,달서구,Daegu,Dalseo-gu,128.4978,35.8533,"공공임대(50년), 영구임대",1877,관심,0.2547,0.2633,0.2462,0.4271,0.2,0.0559,0.453,0.5144,0.1063,0.0,185.422,12.6719,0,1,"영구임대 공급유형, 고령화율 상위권, 단지 내 생활복지시설 부족",182,0.4986
서울도봉,서울특별시,도봉구,Seoul,Dobong-gu,127.0506,37.6826,국민임대,245,관심,0.2545,0.3233,0.1858,0.3364,0.65,0.098,0.5728,0.5814,0.1326,0.0,173.861,20.2292,0,0,"복지관 부재, 고령화율 상위권, 단지 내 생활복지시설 부족",183,0.5014
창녕창녕,경상남도,창녕군,Gyeongsangnam-do,Changnyeong-gun,128.5045,35.5362,국민임대,338,관심,0.2543,0.3576,0.151,0.1651,0.2,0.6107,0.4695,0.6615,0.2638,0.001,173.321,26.4883,0,2,"복지시설 접근성 취약, 의료시설 접근성 취약, 고령화율 상위권",184,0.5041
완주삼례2,전북특별자치도,완주군,Jeollabuk-do,Wanju-gun,127.0841,35.9191,국민임대,520,관심,0.253,0.3174,0.1886,0.3134,0.35,0.292,0.48,0.4486,0.1282,0.0,175.993,19.8744,0,2,"복지관 부재, 고령화율 상위권, 의료시설 접근성 취약",185,0.5069
다산센트레빌,경기도,남양주시,Gyeonggi-do,Namyangju-si,127.1544,37.6067,장기전세,21,관심,0.252,0.2284,0.2756,0.1403,0.45,0.1163,0.4925,0.4993,0.363,0.0,176.181,22.89,0,4,"경로당 부재(장기전세 보정 반영), 복지관 부재(장기전세 보정 반영), 고령화율 상위권",186,0.5096
구리역한양수자인리버시티,경기도,구리시,Gyeonggi-do,Guri-si,127.1476,37.6023,장기전세,48,관심,0.2519,0.2327,0.2711,0.1889,0.45,0.0937,0.4729,0.477,0.2786,0.0,176.718,22.2622,0,4,"경로당 부재(장기전세 보정 반영), 고령화율 상위권, 복지관 부재(장기전세 보정 반영)",187,0.5124
평택안중2,경기도,평택시,Gyeonggi-do,Pyeongtaek-si,126.9216,36.9819,국민임대,638,관심,0.2488,0.2947,0.203,0.1583,0.45,0.2803,0.6011,0.4836,0.4106,0.0,181.311,17.1429,0,0,"복지관 부재, 의료시설 접근성 취약, 고령화율 상위권",188,0.5152
안산군자13,경기도,안산시,Gyeonggi-do,"Danwon-gu, Ansan-si",126.8137,37.3339,영구임대,588,관심,0.2478,0.2549,0.2407,0.5228,0.0,0.0225,0.4802,0.4128,0.163,0.0,194.26,17.0542,0,1,"영구임대 공급유형, 고령화율 상위권, 초고령 인구 비중 높음",189,0.5179
대구본동,대구광역시,달서구,Daegu,Dalseo-gu,128.5437,35.8273,영구임대,1234,관심,0.2465,0.2552,0.2379,0.4835,0.1,0.032,0.4482,0.4627,0.0591,0.0,195.891,16.9351,0,1,"영구임대 공급유형, 고령화율 상위권, 거버넌스 활동 부족",190,0.5207
청양읍내2,충청남도,청양군,Chungcheongnam-do,Cheongyang-gun,126.7987,36.4483,국민임대,305,관심,0.2458,0.2956,0.196,0.1374,0.45,0.3589,0.4507,0.4677,0.2455,0.0,185.46,16.5466,0,2,"복지관 부재, 의료시설 접근성 취약, 복지시설 접근성 취약",191,0.5234
동해천곡5,강원특별자치도,동해시,Gangwon-do,Donghae-si,129.1057,37.5159,"공공임대(50년), 영구임대",803,관심,0.2444,0.2468,0.242,0.398,0.1,0.0852,0.4955,0.5144,0.0808,0.0,198.427,17.3518,0,1,"영구임대 공급유형, 고령화율 상위권, 거버넌스 활동 부족",192,0.5262
칠곡북삼,경상북도,칠곡군,Gyeongsangbuk-do,Chilgok-gun,128.332,36.0637,국민임대,326,관심,0.2437,0.2848,0.2025,0.0534,0.65,0.2842,0.5826,0.5444,0.2789,0.0,188.056,15.3531,0,0,"복지관 부재, 단지 내 생활복지시설 부족, 복지시설 접근성 취약",193,0.5289
서울번동3,서울특별시,강북구,Seoul,Gangbuk-gu,127.0429,37.6292,"영구임대, 행복주택",1560,관심,0.2433,0.2304,0.2561,0.2716,0.3,0.0554,0.5732,0.4058,0.2614,0.0,199.487,18.0401,0,3,"영구임대 공급유형, 단지 내 생활복지시설 부족, 복합 이상패턴 탐지",194,0.5317
고양대곡역두산위브,경기도,고양시,Gyeonggi-do,"Deogyang-gu, Goyang-si",126.8171,37.6245,장기전세,9,관심,0.243,0.2161,0.2698,0.1091,0.45,0.1134,0.5165,0.4952,0.3432,0.0,190.133,18.5761,0,4,"경로당 부재(장기전세 보정 반영), 복지관 부재(장기전세 보정 반영), 단지 내 생활복지시설 부족(장기전세 보정 반영)",195,0.5344
남광신우부영7,경기도,남양주시,Gyeonggi-do,Namyangju-si,127.1553,37.6112,장기전세,34,관심,0.2422,0.2089,0.2756,0.0722,0.45,0.1281,0.4925,0.4993,0.3963,0.0,191.413,19.0844,0,4,"경로당 부재(장기전세 보정 반영), 복지관 부재(장기전세 보정 반영), 단지 내 생활복지시설 부족(장기전세 보정 반영)",196,0.5372
남양주마석,경기도,남양주시,Gyeonggi-do,Namyangju-si,127.2998,37.6593,국민임대,488,관심,0.2395,0.291,0.1881,0.1464,0.65,0.1916,0.5916,0.63,0.2153,0.0,194.992,12.377,0,0,"복지관 부재, 단지 내 생활복지시설 부족, 의료시설 접근성 취약",197,0.5399
부여쌍북2,충청남도,부여군,Chungcheongnam-do,Buyeo-gun,126.9244,36.2816,공공임대(50년),390,관심,0.2395,0.2901,0.1888,0.1412,0.55,0.3079,0.4047,0.5287,0.1026,0.0,195.004,12.1566,0,2,"복지관 부재, 복지시설 접근성 취약, 의료시설 접근성 취약",198,0.5427
구리역힐스테이트,경기도,구리시,Gyeonggi-do,Guri-si,127.1462,37.601,장기전세,35,관심,0.2392,0.2144,0.264,0.1403,0.45,0.0937,0.4729,0.477,0.2681,0.0,196.776,16.8906,0,4,"경로당 부재(장기전세 보정 반영), 복지관 부재(장기전세 보정 반영), 고령화율 상위권",199,0.5455
칠곡왜관2,경상북도,칠곡군,Gyeongsangbuk-do,Chilgok-gun,128.3968,35.9829,국민임대,480,관심,0.239,0.2799,0.1982,0.1199,0.55,0.2583,0.5478,0.3927,0.3633,0.0,195.726,11.4755,0,0,"복지관 부재, 의료시설 접근성 취약, 단지 내 생활복지시설 부족",200,0.5482
괴산동부,충청북도,괴산군,Chungcheongbuk-do,Goesan-gun,127.7953,36.8056,국민임대,310,관심,0.2387,0.2866,0.1908,0.1349,0.55,0.2949,0.4522,0.4201,0.2207,0.0,196.254,11.6174,0,2,"복지관 부재, 의료시설 접근성 취약, 단지 내 생활복지시설 부족",201,0.551
문산당동3,경기도,파주시,Gyeonggi-do,Paju-si,126.7861,37.8649,국민임대,775,관심,0.2386,0.2848,0.1925,0.1592,0.45,0.2813,0.5244,0.6164,0.1445,0.0,196.704,10.8411,0,0,"복지관 부재, 복지시설 접근성 취약, 의료시설 접근성 취약",202,0.5537
대구성서3,대구광역시,달서구,Daegu,Dalseo-gu,128.4983,35.854,영구임대,835,관심,0.238,0.2381,0.2378,0.4098,0.1,0.0559,0.4255,0.5144,0.0772,0.0,207.151,20.5711,0,1,"영구임대 공급유형, 고령화율 상위권, 거버넌스 활동 부족",203,0.5565
논산대교,충청남도,논산시,Chungcheongnam-do,Nonsan-si,127.0914,36.2124,국민임대,548,관심,0.2373,0.2763,0.1984,0.1327,0.35,0.3283,0.5597,0.5444,0.2288,0.0,199.018,13.6952,0,0,"복지관 부재, 복지시설 접근성 취약, 고령화율 상위권",204,0.5592
칠곡왜관4휴먼시아,경상북도,칠곡군,Gyeongsangbuk-do,Chilgok-gun,128.4177,35.99,국민임대,528,관심,0.237,0.2875,0.1865,0.127,0.55,0.2933,0.4548,0.5814,0.1431,0.0,199.81,11.0483,0,2,"복지관 부재, 의료시설 접근성 취약, 단지 내 생활복지시설 부족",205,0.562
속초청대,강원특별자치도,속초시,Gangwon-do,Sokcho-si,128.5711,38.1886,국민임대,371,관심,0.2355,0.2883,0.1826,0.1879,0.65,0.186,0.5732,0.4808,0.0601,0.0,201.727,9.8395,0,0,"복지관 부재, 단지 내 생활복지시설 부족, 의료시설 접근성 취약",206,0.5647
문산당동,경기도,파주시,Gyeonggi-do,Paju-si,126.7801,37.8612,공공임대(50년),567,관심,0.2353,0.2862,0.1844,0.1651,0.45,0.2982,0.48,0.5814,0.1018,0.0,202.708,9.5774,0,2,"복지관 부재, 복지시설 접근성 취약, 의료시설 접근성 취약",207,0.5675
석수두산위브,경기도,안양시,Gyeonggi-do,"Manan-gu, Anyang-si",126.9012,37.4327,장기전세,66,관심,0.2345,0.202,0.2671,0.0866,0.45,0.107,0.4729,0.477,0.3288,0.0,203.609,16.2316,0,4,"경로당 부재(장기전세 보정 반영), 복지관 부재(장기전세 보정 반영), 단지 내 생활복지시설 부족(장기전세 보정 반영)",208,0.5702
평택송화,경기도,평택시,Gyeonggi-do,Pyeongtaek-si,127.0577,36.962,국민임대,494,관심,0.2324,0.2933,0.1715,0.2317,0.65,0.1343,0.4687,0.6799,0.0747,0.0,206.244,7.7637,0,2,"복지관 부재, 단지 내 생활복지시설 부족, 고령화율 상위권",209,0.573
평촌더샵아이파크,경기도,안양시,Gyeonggi-do,"Dongan-gu, Anyang-si",126.9584,37.3761,장기전세,36,관심,0.2311,0.1996,0.2627,0.0931,0.45,0.0682,0.4831,0.5214,0.4266,0.0,209.097,16.037,0,4,"경로당 부재(장기전세 보정 반영), 복지관 부재(장기전세 보정 반영), 단지 내 생활복지시설 부족(장기전세 보정 반영)",210,0.5758
김포마송,경기도,김포시,Gyeonggi-do,Gimpo-si,126.5946,37.6919,국민임대,970,관심,0.2301,0.2789,0.1812,0.2059,0.55,0.1859,0.5983,0.4677,0.0504,0.0,209.889,6.5431,0,0,"복지관 부재, 고령화율 상위권, 단지 내 생활복지시설 부족",211,0.5785
전주반월,전북특별자치도,전주시,Jeollabuk-do,"Deokjin-gu, Jeonju-si",127.0722,35.8726,국민임대,428,관심,0.2298,0.2789,0.1807,0.2027,0.55,0.184,0.5834,0.4983,0.0699,0.0,210.457,6.669,0,0,"복지관 부재, 고령화율 상위권, 단지 내 생활복지시설 부족",212,0.5813
부산기장교리,부산광역시,기장군,Busan,Gijang-gun,129.2125,35.2539,국민임대,875,관심,0.2289,0.2901,0.1678,0.2684,0.65,0.0991,0.4877,0.5922,0.035,0.0,212.236,7.5919,0,2,"복지관 부재, 고령화율 상위권, 단지 내 생활복지시설 부족",213,0.584
해모로이연,경기도,광명시,Gyeonggi-do,Gwangmyeong-si,126.8468,37.4734,장기전세,112,관심,0.2287,0.1924,0.265,0.0606,0.45,0.0824,0.4498,0.4893,0.4962,0.0,213.318,16.4251,0,4,"경로당 부재(장기전세 보정 반영), 복지관 부재(장기전세 보정 반영), 단지 내 생활복지시설 부족(장기전세 보정 반영)",214,0.5868
익산한스빌,전북특별자치도,익산시,Jeollabuk-do,Iksan-si,126.9337,35.9159,"분양주택, 국민임대",746,관심,0.2283,0.2743,0.1823,0.1774,0.55,0.1764,0.6645,0.4615,0.1668,0.0,213.293,6.0932,0,0,"복지관 부재, 단지 내 생활복지시설 부족, 고령화율 상위권",215,0.5895
능곡샘터2,경기도,고양시,Gyeonggi-do,"Deogyang-gu, Goyang-si",126.8387,37.6206,공공임대(50년),504,관심,0.2275,0.2796,0.1754,0.2264,0.65,0.1117,0.5858,0.5287,0.0205,0.0,214.863,6.6446,0,0,"복지관 부재, 단지 내 생활복지시설 부족, 고령화율 상위권",216,0.5923
남양주가운1,경기도,남양주시,Gyeonggi-do,Namyangju-si,127.1569,37.6036,국민임대,1417,관심,0.2263,0.2675,0.1852,0.1876,0.55,0.1431,0.483,0.4677,0.3468,0.0,216.496,6.4033,0,0,"복지관 부재, 고령화율 상위권, 단지 내 생활복지시설 부족",217,0.595
문산선유2,경기도,파주시,Gyeonggi-do,Paju-si,126.8021,37.8648,국민임대,917,관심,0.2259,0.269,0.1828,0.1013,0.45,0.3156,0.4662,0.5922,0.1179,0.0,217.209,9.0751,0,2,"복지관 부재, 의료시설 접근성 취약, 복지시설 접근성 취약",218,0.5978
강릉송정,강원특별자치도,강릉시,Gangwon-do,Gangneung-si,128.9154,37.7703,공공임대(50년),623,일반,0.2258,0.2799,0.1716,0.2118,0.55,0.158,0.4854,0.6164,0.1684,0.0,217.67,5.9802,0,2,"복지관 부재, 고령화율 상위권, 단지 내 생활복지시설 부족",219,0.6006
칠곡왜관3,경상북도,칠곡군,Gyeongsangbuk-do,Chilgok-gun,128.4114,35.9868,국민임대,631,일반,0.2232,0.2599,0.1865,0.0803,0.45,0.2733,0.5771,0.63,0.2106,0.0,221.798,8.3191,0,0,"복지관 부재, 의료시설 접근성 취약, 복지시설 접근성 취약",220,0.6033
울산우진,울산광역시,동구,Ulsan,Dong-gu,129.4173,35.4835,"분양주택, 국민임대",299,일반,0.2224,0.2672,0.1775,0.1451,0.65,0.1302,0.6197,0.5814,0.162,0.0,223.198,6.2928,0,0,"복지관 부재, 단지 내 생활복지시설 부족, 의료시설 접근성 취약",221,0.6061
서울신림2,서울특별시,관악구,Seoul,Gwanak-gu,126.927,37.4641,공공임대(50년),818,일반,0.222,0.2727,0.1712,0.214,0.65,0.0984,0.5833,0.5444,0.0436,0.0,224.058,6.7008,0,0,"복지관 부재, 단지 내 생활복지시설 부족, 고령화율 상위권",222,0.6088
대구안심4,대구광역시,동구,Daegu,Dong-gu,128.6998,35.8661,국민임대,194,일반,0.2213,0.2797,0.1629,0.259,0.65,0.0774,0.4597,0.5814,0.0739,0.0,226.066,8.074,0,2,"복지관 부재, 고령화율 상위권, 단지 내 생활복지시설 부족",223,0.6116
부산당감1,부산광역시,부산진구,Busan,Busanjin-gu,129.0278,35.1706,공공임대(50년),383,일반,0.2212,0.2694,0.1731,0.1853,0.65,0.1283,0.5554,0.5287,0.0404,0.0,225.81,6.228,0,0,"복지관 부재, 단지 내 생활복지시설 부족, 고령화율 상위권",224,0.6143
인천만수9,인천광역시,남동구,Incheon,Namdong-gu,126.7357,37.4429,공공임대(50년),630,일반,0.2211,0.2704,0.1719,0.1913,0.65,0.0675,0.5962,0.725,0.1693,0.0,226.066,6.4843,0,0,"복지관 부재, 단지 내 생활복지시설 부족, 고령화율 상위권",225,0.6171
남양주호평,경기도,남양주시,Gyeonggi-do,Namyangju-si,127.2563,37.6562,국민임대,496,일반,0.2201,0.2662,0.1739,0.1647,0.55,0.1964,0.4623,0.4532,0.1808,0.0,228.001,6.778,0,2,"복지관 부재, 의료시설 접근성 취약, 단지 내 생활복지시설 부족",226,0.6198
청원오송,충청북도,청주시,Chungcheongbuk-do,"Heungdeok-gu, Cheongju-si",127.3319,36.6293,국민임대,1118,일반,0.2197,0.2576,0.1818,0.109,0.65,0.1597,0.6003,0.4627,0.1874,0.0,228.419,6.3719,0,0,"복지관 부재, 단지 내 생활복지시설 부족, 복지시설 접근성 취약",227,0.6226
탑석센트럴자이,경기도,의정부시,Gyeonggi-do,Uijeongbu-si,127.0815,37.734,장기전세,174,일반,0.2193,0.1817,0.2569,0.0644,0.45,0.0679,0.5078,0.4772,0.3012,0.0,227.815,16.9761,0,4,"경로당 부재(장기전세 보정 반영), 복지관 부재(장기전세 보정 반영), 단지 내 생활복지시설 부족(장기전세 보정 반영)",228,0.6253
약대아이파크,경기도,부천시,Gyeonggi-do,Bucheon-si,126.7682,37.5159,장기전세,150,일반,0.2179,0.1807,0.2552,0.0801,0.45,0.0558,0.4613,0.4836,0.284,0.0,231.217,17.0258,0,4,"경로당 부재(장기전세 보정 반영), 복지관 부재(장기전세 보정 반영), 단지 내 생활복지시설 부족(장기전세 보정 반영)",229,0.6281
홍성남장2,충청남도,홍성군,Chungcheongnam-do,Hongseong-gun,126.666,36.5904,국민임대,468,일반,0.2179,0.2549,0.1809,0.0977,0.65,0.1538,0.5687,0.5014,0.2447,0.0,232.311,6.9109,0,0,"복지관 부재, 단지 내 생활복지시설 부족, 의료시설 접근성 취약",230,0.6309
의왕더샵캐슬,경기도,의왕시,Gyeonggi-do,Uiwang-si,126.9639,37.361,장기전세,5,일반,0.2174,0.1742,0.2607,0.0,0.45,0.0902,0.4805,0.5444,0.4413,0.0,232.185,18.5559,0,4,"경로당 부재(장기전세 보정 반영), 복지관 부재(장기전세 보정 반영), 단지 내 생활복지시설 부족(장기전세 보정 반영)",231,0.6336
완주봉동,전북특별자치도,완주군,Jeollabuk-do,Wanju-gun,127.1593,35.9306,국민임대,958,일반,0.2173,0.2478,0.1867,0.1034,0.35,0.2757,0.5536,0.5014,0.2592,0.0,232.026,8.9736,0,0,"복지관 부재, 복지시설 접근성 취약, 의료시설 접근성 취약",232,0.6364
안산한신더휴,경기도,안산시,Gyeonggi-do,"Danwon-gu, Ansan-si",126.8022,37.3394,장기전세,11,일반,0.2169,0.1796,0.2542,0.0893,0.45,0.0345,0.5154,0.417,0.3428,0.0,233.727,17.3259,0,4,"경로당 부재(장기전세 보정 반영), 복지관 부재(장기전세 보정 반영), 단지 내 생활복지시설 부족(장기전세 보정 반영)",233,0.6391
서울등촌6,서울특별시,강서구,Seoul,Gangseo-gu,126.8482,37.5592,공공임대(50년),559,일반,0.2159,0.2742,0.1577,0.2869,0.65,0.0173,0.5009,0.5922,0.0926,0.0,235.967,9.0826,0,2,"복지관 부재, 고령화율 상위권, 단지 내 생활복지시설 부족",234,0.6419
JDC제주첨단리슈빌,제주특별자치도,제주시,Jeju-do,Jeju-si,126.5735,33.4582,공공임대(10년),391,일반,0.2156,0.2495,0.1816,0.0629,0.55,0.241,0.4647,0.4527,0.3082,0.0,235.982,7.9048,0,2,"복지관 부재, 복지시설 접근성 취약, 단지 내 생활복지시설 부족",235,0.6446
광주동림2,광주광역시,북구,Gwangju,Buk-gu,126.865,35.1909,공공임대(50년),535,일반,0.2144,0.2487,0.1802,0.1115,0.45,0.1675,0.5617,0.69,0.3912,0.0,237.997,5.6735,0,0,"복지관 부재, 단지 내 생활복지시설 부족, 복지시설 접근성 취약",236,0.6474
부산해운대1,부산광역시,해운대구,Busan,Haeundae-gu,129.17,35.1742,공공임대(50년),420,일반,0.2143,0.2627,0.1658,0.2681,0.55,0.056,0.5707,0.4983,0.0988,0.0,238.818,8.0102,0,0,"복지관 부재, 고령화율 상위권, 단지 내 생활복지시설 부족",237,0.6501
안산중흥S-클래스더퍼스트,경기도,안산시,Gyeonggi-do,"Danwon-gu, Ansan-si",126.8016,37.341,장기전세,47,일반,0.2142,0.1721,0.2563,0.0522,0.45,0.0474,0.5154,0.417,0.3836,0.0,239.293,18.0494,0,4,"경로당 부재(장기전세 보정 반영), 복지관 부재(장기전세 보정 반영), 단지 내 생활복지시설 부족(장기전세 보정 반영)",238,0.6529
남양주가운2,경기도,남양주시,Gyeonggi-do,Namyangju-si,127.1577,37.6035,국민임대,388,일반,0.2141,0.2523,0.1758,0.1803,0.45,0.1439,0.617,0.4993,0.2458,0.0,238.737,5.8556,0,0,"복지관 부재, 고령화율 상위권, 복지시설 접근성 취약",239,0.6556
제주화북3,제주특별자치도,제주시,Jeju-do,Jeju-si,126.5768,33.5204,공공임대(50년),590,일반,0.2139,0.2561,0.1717,0.1272,0.45,0.2602,0.4883,0.5814,0.0141,0.0,239.308,7.5882,0,2,"복지관 부재, 복지시설 접근성 취약, 의료시설 접근성 취약",240,0.6584
김포양곡,경기도,김포시,Gyeonggi-do,Gimpo-si,126.6219,37.6567,국민임대,718,일반,0.2139,0.2593,0.1684,0.238,0.35,0.144,0.4801,0.6164,0.3019,0.0,239.062,7.7983,0,2,"복지관 부재, 고령화율 상위권, 복지시설 접근성 취약",241,0.6612
남해평리,경상남도,남해군,Gyeongsangnam-do,Namhae-gun,127.8967,34.8333,국민임대,353,일반,0.2134,0.2544,0.1724,0.141,0.45,0.2432,0.4331,0.4317,0.188,0.0,240.812,9.8218,0,2,"복지관 부재, 의료시설 접근성 취약, 고령화율 상위권",242,0.6639
부산금곡7,부산광역시,북구,Busan,Buk-gu,129.0137,35.2571,공공임대(50년),802,일반,0.2127,0.263,0.1624,0.2541,0.45,0.1251,0.4876,0.5444,0.1211,0.0,241.785,6.8172,0,2,"복지관 부재, 고령화율 상위권, 단지 내 생활복지시설 부족",243,0.6667
e편한세상초지역센트럴포레,경기도,안산시,Gyeonggi-do,"Danwon-gu, Ansan-si",126.8008,37.3243,장기전세,29,일반,0.2119,0.1712,0.2526,0.0677,0.45,0.0336,0.5154,0.417,0.3381,0.0,244.38,18.3687,0,4,"경로당 부재(장기전세 보정 반영), 복지관 부재(장기전세 보정 반영), 단지 내 생활복지시설 부족(장기전세 보정 반영)",244,0.6694
의정부역푸르지오더센트럴,경기도,의정부시,Gyeonggi-do,Uijeongbu-si,127.0487,37.7299,장기전세,79,일반,0.2117,0.1704,0.253,0.0546,0.45,0.0371,0.5078,0.4772,0.3446,0.0,245.145,18.7063,0,4,"경로당 부재(장기전세 보정 반영), 복지관 부재(장기전세 보정 반영), 단지 내 생활복지시설 부족(장기전세 보정 반영)",245,0.6722
대구달성본리2,대구광역시,달성군,Daegu,Dalseong-gun,128.5106,35.8019,국민임대,414,일반,0.2112,0.2584,0.1641,0.1769,0.65,0.1105,0.4209,0.5528,0.1083,0.0,244.802,6.9509,0,2,"복지관 부재, 단지 내 생활복지시설 부족, 고령화율 상위권",246,0.6749
백동KCC스위첸,경기도,부천시,Gyeonggi-do,Bucheon-si,126.7996,37.476,장기전세,30,일반,0.2111,0.1703,0.2519,0.0655,0.45,0.0244,0.4613,0.4836,0.3832,0.0,247.571,18.7703,0,4,"경로당 부재(장기전세 보정 반영), 복지관 부재(장기전세 보정 반영), 단지 내 생활복지시설 부족(장기전세 보정 반영)",247,0.6777
정관신도시휴먼시아1,부산광역시,기장군,Busan,Gijang-gun,129.1667,35.3264,국민임대,1533,일반,0.2108,0.2458,0.1757,0.1487,0.35,0.1897,0.5941,0.6038,0.2914,0.0,246.291,6.6622,0,0,"복지관 부재, 의료시설 접근성 취약, 고령화율 상위권",248,0.6804
양산대석휴먼시아,경상남도,양산시,Gyeongsangnam-do,Yangsan-si,129.0528,35.3906,국민임대,961,일반,0.2106,0.2527,0.1685,0.1899,0.35,0.2121,0.4756,0.5179,0.1883,0.0,246.779,7.0026,0,2,"복지관 부재, 고령화율 상위권, 의료시설 접근성 취약",249,0.6832
롯데캐슬골드파크,경기도,안산시,Gyeonggi-do,"Danwon-gu, Ansan-si",126.8273,37.3231,장기전세,51,일반,0.2106,0.1682,0.253,0.0578,0.45,0.0354,0.5154,0.417,0.3402,0.0,248.9,18.7507,0,4,"경로당 부재(장기전세 보정 반영), 복지관 부재(장기전세 보정 반영), 단지 내 생활복지시설 부족(장기전세 보정 반영)",250,0.686
김천대신,경상북도,김천시,Gyeongsangbuk-do,Gimcheon-si,128.1163,36.1366,국민임대,422,일반,0.2098,0.2507,0.1689,0.1616,0.45,0.1765,0.4699,0.5287,0.2568,0.0,248.581,5.7379,0,2,"복지관 부재, 의료시설 접근성 취약, 고령화율 상위권",251,0.6887
의정부송산3,경기도,의정부시,Gyeonggi-do,Uijeongbu-si,127.0899,37.7438,공공임대(50년),390,일반,0.2096,0.2495,0.1698,0.1944,0.55,0.0839,0.5792,0.4893,0.197,0.0,248.293,5.6973,0,0,"복지관 부재, 고령화율 상위권, 단지 내 생활복지시설 부족",252,0.6915
파주운정2,경기도,파주시,Gyeonggi-do,Paju-si,126.7539,37.7316,국민임대,1231,일반,0.2091,0.2394,0.1789,0.1543,0.45,0.1608,0.5445,0.3356,0.3062,0.0,249.814,5.4064,0,0,"복지관 부재, 고령화율 상위권, 복지시설 접근성 취약",253,0.6942
안양역한양수자인리버파크,경기도,안양시,Gyeonggi-do,"Manan-gu, Anyang-si",126.9217,37.4043,장기전세,21,일반,0.2088,0.1613,0.2564,0.0,0.45,0.0803,0.4729,0.477,0.3216,0.0,252.316,19.6813,0,4,"경로당 부재(장기전세 보정 반영), 복지관 부재(장기전세 보정 반영), 단지 내 생활복지시설 부족(장기전세 보정 반영)",254,0.697
하남풍산4,경기도,하남시,Gyeonggi-do,Hanam-si,127.2084,37.5471,국민임대,330,일반,0.2087,0.2446,0.1728,0.1615,0.55,0.119,0.5803,0.3807,0.2219,0.0,250.817,4.7745,0,0,"복지관 부재, 단지 내 생활복지시설 부족, 고령화율 상위권",255,0.6997
제주으뜸마을,제주특별자치도,제주시,Jeju-do,Jeju-si,126.482,33.4779,국민임대,420,일반,0.2083,0.2544,0.1621,0.2134,0.55,0.1024,0.4453,0.5144,0.146,0.0,251.877,5.5228,0,2,"복지관 부재, 고령화율 상위권, 단지 내 생활복지시설 부족",256,0.7025
여수소호,전라남도,여수시,Jellanam-do,Yeosu-si,127.6483,34.7467,국민임대,476,일반,0.2077,0.2536,0.1619,0.1911,0.65,0.0872,0.439,0.4781,0.1122,0.0,252.258,6.3496,0,2,"복지관 부재, 단지 내 생활복지시설 부족, 고령화율 상위권",257,0.7052
JDC제주첨단행복주택,제주특별자치도,제주시,Jeju-do,Jeju-si,126.5738,33.4585,행복주택,402,일반,0.207,0.2358,0.1782,0.064,0.45,0.241,0.4647,0.4527,0.3463,0.0,253.517,7.1441,0,2,"복지관 부재, 복지시설 접근성 취약, 의료시설 접근성 취약",258,0.708
영암용앙,전라남도,영암군,Jellanam-do,Yeongam-gun,126.4734,34.745,국민임대,554,일반,0.2058,0.2345,0.177,0.0624,0.35,0.3021,0.4627,0.4677,0.2483,0.0,255.976,8.5986,0,2,"복지관 부재, 복지시설 접근성 취약, 의료시설 접근성 취약",259,0.7107
인천부개2,인천광역시,부평구,Incheon,Bupyeong-gu,126.7381,37.5042,공공임대(50년),446,일반,0.2057,0.2438,0.1676,0.1967,0.65,0.0382,0.501,0.4093,0.196,0.0,256.07,6.0267,0,0,"복지관 부재, 단지 내 생활복지시설 부족, 고령화율 상위권",260,0.7135
제주정든마을1,제주특별자치도,제주시,Jeju-do,Jeju-si,126.4739,33.4876,국민임대,620,일반,0.2047,0.25,0.1593,0.2077,0.55,0.1181,0.4553,0.4728,0.0302,0.0,257.857,4.3903,0,2,"복지관 부재, 고령화율 상위권, 단지 내 생활복지시설 부족",261,0.7163
수원정자,경기도,수원시,Gyeonggi-do,"Jangan-gu, Suwon-si",126.9915,37.2965,국민임대,341,일반,0.2018,0.2449,0.1588,0.1809,0.65,0.0666,0.443,0.4893,0.1301,0.0,262.765,5.6505,0,2,"복지관 부재, 단지 내 생활복지시설 부족, 고령화율 상위권",262,0.719
강릉교동2,강원특별자치도,강릉시,Gangwon-do,Gangneung-si,128.8849,37.7689,국민임대,688,일반,0.2013,0.2359,0.1667,0.1673,0.35,0.1673,0.5715,0.5814,0.1453,0.0,262.993,5.2713,0,0,"복지관 부재, 고령화율 상위권, 의료시설 접근성 취약",263,0.7218
분당하얀6,경기도,성남시,Gyeonggi-do,"Bundang-gu, Seongnam-si",127.1153,37.3455,공공임대(50년),1489,일반,0.2009,0.245,0.1568,0.2148,0.55,0.0691,0.4486,0.5363,0.136,0.0,264.12,4.9507,0,2,"복지관 부재, 고령화율 상위권, 단지 내 생활복지시설 부족",264,0.7245
의정부금오9,경기도,의정부시,Gyeonggi-do,Uijeongbu-si,127.0813,37.7472,국민임대,1450,일반,0.2004,0.2437,0.157,0.2148,0.55,0.0749,0.4775,0.4652,0.1152,0.0,265.958,5.0662,0,2,"복지관 부재, 고령화율 상위권, 단지 내 생활복지시설 부족",265,0.7273
하남풍산2,경기도,하남시,Gyeonggi-do,Hanam-si,127.2019,37.5517,국민임대,638,일반,0.2002,0.2379,0.1626,0.1906,0.35,0.1151,0.6496,0.6799,0.1713,0.0,265.109,5.1394,0,0,"복지관 부재, 고령화율 상위권, 거버넌스 활동 부족",266,0.73
시흥능곡2,경기도,시흥시,Gyeonggi-do,Siheung-si,126.8103,37.3716,국민임대,323,일반,0.2001,0.232,0.1681,0.1263,0.55,0.1086,0.5655,0.4808,0.2106,0.0,266.071,4.2741,0,0,"복지관 부재, 단지 내 생활복지시설 부족, 고령화율 상위권",267,0.7328
광주신가,광주광역시,광산구,Gwangju,Gwangsan-gu,126.8309,35.1842,국민임대,390,일반,0.2,0.2375,0.1625,0.1733,0.55,0.0493,0.622,0.6038,0.1763,0.0,266.308,5.0946,0,0,"복지관 부재, 단지 내 생활복지시설 부족, 고령화율 상위권",268,0.7355
군산미룡1,전북특별자치도,군산시,Jeollabuk-do,Gunsan-si,126.6875,35.9415,국민임대,734,일반,0.1999,0.2376,0.1622,0.126,0.55,0.152,0.4663,0.5363,0.0911,0.0,266.353,4.2758,0,2,"복지관 부재, 단지 내 생활복지시설 부족, 고령화율 상위권",269,0.7383
시흥능곡5,경기도,시흥시,Gyeonggi-do,Siheung-si,126.8129,37.37,국민임대,506,일반,0.1992,0.2345,0.1639,0.1828,0.45,0.1086,0.5849,0.5287,0.0977,0.0,267.948,4.1269,0,0,"복지관 부재, 고령화율 상위권, 단지 내 생활복지시설 부족",270,0.741
옥천장야2,충청북도,옥천군,Chungcheongbuk-do,Okcheon-gun,127.5783,36.2956,국민임대,610,일반,0.1989,0.2267,0.1711,0.1062,0.35,0.2261,0.5638,0.4952,0.1271,0.0,268.413,6.8377,0,0,"복지관 부재, 의료시설 접근성 취약, 복지시설 접근성 취약",271,0.7438
정관신도시휴먼시아2,부산광역시,기장군,Busan,Gijang-gun,129.1656,35.333,국민임대,1301,일반,0.198,0.2281,0.1678,0.1321,0.35,0.1683,0.5692,0.6038,0.2214,0.0,270.695,5.643,0,0,"복지관 부재, 의료시설 접근성 취약, 고령화율 상위권",272,0.7466
김포장기1,경기도,김포시,Gyeonggi-do,Gimpo-si,126.6685,37.6419,국민임대,1114,일반,0.1972,0.2291,0.1652,0.1735,0.35,0.147,0.5713,0.5363,0.1409,0.0,272.135,5.3748,0,0,"복지관 부재, 고령화율 상위권, 복지시설 접근성 취약",273,0.7493
원주무실5,강원특별자치도,원주시,Gangwon-do,Wonju-si,127.9158,37.3394,국민임대,496,일반,0.1968,0.2283,0.1653,0.1245,0.45,0.1529,0.5893,0.5665,0.0781,0.0,272.988,3.2747,0,0,"복지관 부재, 고령화율 상위권, 단지 내 생활복지시설 부족",274,0.7521
김해장유2,경상남도,김해시,Gyeongsangnam-do,Gimhae-si,128.8006,35.1974,국민임대,594,일반,0.196,0.2384,0.1536,0.2464,0.45,0.0881,0.4622,0.4627,0.03,0.0,274.785,5.7344,0,2,"복지관 부재, 고령화율 상위권, 단지 내 생활복지시설 부족",275,0.7548
하남풍산3,경기도,하남시,Gyeonggi-do,Hanam-si,127.2082,37.5493,국민임대,401,일반,0.1952,0.2359,0.1545,0.1745,0.55,0.1115,0.4691,0.4532,0.0393,0.0,276.027,3.6957,0,2,"복지관 부재, 고령화율 상위권, 단지 내 생활복지시설 부족",276,0.7576
포천송우4,경기도,포천시,Gyeonggi-do,Pocheon-si,127.1398,37.8295,국민임대,1531,일반,0.1946,0.2287,0.1604,0.1563,0.45,0.1437,0.5017,0.4238,0.1423,0.0,278.077,3.6817,0,2,"복지관 부재, 고령화율 상위권, 복지시설 접근성 취약",277,0.7603
울산화봉2,울산광역시,북구,Ulsan,Buk-gu,129.3697,35.5943,국민임대,753,일반,0.1942,0.2256,0.1628,0.1214,0.55,0.1107,0.5545,0.5287,0.069,0.0,278.417,3.8159,0,0,"복지관 부재, 단지 내 생활복지시설 부족, 고령화율 상위권",278,0.7631
인천삼산4,인천광역시,부평구,Incheon,Bupyeong-gu,126.7419,37.5109,국민임대,1696,일반,0.194,0.2341,0.154,0.1952,0.55,0.0533,0.4248,0.5214,0.2011,0.0,278.806,4.7382,0,2,"복지관 부재, 고령화율 상위권, 단지 내 생활복지시설 부족",279,0.7658
의왕내손,경기도,의왕시,Gyeonggi-do,Uiwang-si,126.9718,37.3782,국민임대,822,일반,0.1938,0.2359,0.1517,0.1903,0.55,0.0787,0.4805,0.5444,0.0321,0.0,279.642,3.8936,0,2,"복지관 부재, 고령화율 상위권, 단지 내 생활복지시설 부족",280,0.7686
원주태장4,강원특별자치도,원주시,Gangwon-do,Wonju-si,127.9578,37.3843,국민임대,584,일반,0.193,0.2189,0.1671,0.1092,0.35,0.1798,0.5859,0.5618,0.1587,0.0,281.026,5.2583,0,0,"복지관 부재, 복지시설 접근성 취약, 고령화율 상위권",281,0.7713
인천도림1,인천광역시,남동구,Incheon,Namdong-gu,126.7325,37.4202,국민임대,714,일반,0.1927,0.2244,0.1609,0.1544,0.45,0.1108,0.564,0.5214,0.1195,0.0,282.183,2.5553,0,0,"복지관 부재, 고령화율 상위권, 단지 내 생활복지시설 부족",282,0.7741
목포연산1,전라남도,목포시,Jellanam-do,Mokpo-si,126.383,34.813,공공임대(50년),476,일반,0.1925,0.2271,0.1579,0.1541,0.65,0.0328,0.5607,0.5214,0.0381,0.0,281.728,5.7718,0,0,"복지관 부재, 단지 내 생활복지시설 부족, 고령화율 상위권",283,0.7769
능곡샘터3,경기도,고양시,Gyeonggi-do,"Deogyang-gu, Goyang-si",126.8334,37.6244,공공임대(50년),720,일반,0.1925,0.2299,0.1551,0.1724,0.45,0.1438,0.465,0.4677,0.0381,0.0,282.79,3.4331,0,2,"복지관 부재, 고령화율 상위권, 단지 내 생활복지시설 부족",284,0.7796
군산구암,전북특별자치도,군산시,Jeollabuk-do,Gunsan-si,126.7441,35.9872,국민임대,406,일반,0.192,0.2216,0.1624,0.116,0.55,0.0765,0.3487,0.5444,0.438,0.0,283.086,4.7207,0,2,"복지관 부재, 단지 내 생활복지시설 부족, 고령화율 상위권",285,0.7824
인천부개5,인천광역시,부평구,Incheon,Bupyeong-gu,126.7389,37.499,공공임대(50년),357,일반,0.1912,0.2232,0.1593,0.1291,0.65,0.0534,0.5331,0.4952,0.0661,0.0,285.04,5.0064,0,0,"복지관 부재, 단지 내 생활복지시설 부족, 고령화율 상위권",286,0.7851
대전삼성1,대전광역시,동구,Daejeon,Dong-gu,127.4315,36.34,국민임대,427,일반,0.1904,0.2225,0.1582,0.1441,0.55,0.0641,0.5769,0.5444,0.0999,0.0,286.924,2.3715,0,0,"복지관 부재, 단지 내 생활복지시설 부족, 고령화율 상위권",287,0.7879
파주운정11,경기도,파주시,Gyeonggi-do,Paju-si,126.7507,37.7306,국민임대,1165,일반,0.1893,0.2222,0.1564,0.1559,0.35,0.1481,0.41,0.63,0.1923,0.0,288.124,4.0267,0,2,"복지관 부재, 고령화율 상위권, 복지시설 접근성 취약",288,0.7906
시흥능곡6,경기도,시흥시,Gyeonggi-do,Siheung-si,126.8092,37.3676,국민임대,438,일반,0.189,0.2156,0.1623,0.1289,0.45,0.1009,0.5767,0.4781,0.2242,0.0,288.684,2.2298,0,0,"복지관 부재, 고령화율 상위권, 단지 내 생활복지시설 부족",289,0.7934
원주무실1,강원특별자치도,원주시,Gangwon-do,Wonju-si,127.9225,37.3356,국민임대,709,일반,0.1872,0.2223,0.1521,0.1607,0.45,0.1165,0.439,0.5618,0.0805,0.0,292.121,2.3817,0,2,"복지관 부재, 고령화율 상위권, 단지 내 생활복지시설 부족",290,0.7961
제천하소3,충청북도,제천시,Chungcheongbuk-do,Jecheon-si,128.1969,37.1444,공공임대(50년),540,일반,0.1866,0.2181,0.155,0.1773,0.55,0.0432,0.5261,0.4317,0.0658,0.0,293.868,4.1716,0,0,"복지관 부재, 단지 내 생활복지시설 부족, 고령화율 상위권",291,0.7989
낭월다가온청년주택,대전광역시,동구,Daejeon,Dong-gu,127.4677,36.2818,행복주택,162,신규단지(판정유예),0.1865,0.2039,0.169,0.0645,0.45,0.1662,0.3264,0.3094,0.4646,0.0,293.824,6.0814,0,0,"복지관 부재, 의료시설 접근성 취약, 복합 이상패턴 탐지",292,0.8017
시흥능곡9,경기도,시흥시,Gyeonggi-do,Siheung-si,126.8132,37.3669,국민임대,591,일반,0.1865,0.2137,0.1592,0.1433,0.45,0.1082,0.5776,0.4164,0.0943,0.0,293.63,2.4424,0,0,"복지관 부재, 고령화율 상위권, 단지 내 생활복지시설 부족",293,0.8044
시흥능곡13,경기도,시흥시,Gyeonggi-do,Siheung-si,126.8133,37.3637,국민임대,556,일반,0.1865,0.2168,0.1561,0.1499,0.45,0.0973,0.5448,0.5618,0.0654,0.0,293.714,2.2132,0,0,"복지관 부재, 고령화율 상위권, 단지 내 생활복지시설 부족",294,0.8072
안산고잔17,경기도,안산시,Gyeonggi-do,"Danwon-gu, Ansan-si",126.8111,37.3083,국민임대,796,일반,0.1863,0.2174,0.1552,0.186,0.45,0.0739,0.5912,0.4238,0.0531,0.0,294.375,3.3601,0,0,"복지관 부재, 고령화율 상위권, 단지 내 생활복지시설 부족",295,0.8099
영동가마실,충청북도,영동군,Chungcheongbuk-do,Yeongdong-gun,127.7874,36.1753,국민임대,313,일반,0.1863,0.2679,0.1046,0.1473,0.2,0.3831,0.4538,0.5444,0.1881,0.0,295.242,19.6037,0,2,"복지시설 접근성 취약, 의료시설 접근성 취약, 고령화율 상위권",296,0.8127
시흥능곡7,경기도,시흥시,Gyeonggi-do,Siheung-si,126.8099,37.3674,국민임대,539,일반,0.1857,0.2136,0.1577,0.1824,0.35,0.1009,0.5689,0.4509,0.146,0.0,295.37,4.0567,0,0,"복지관 부재, 고령화율 상위권, 의료시설 접근성 취약",297,0.8154
대구태전휴먼시아1,대구광역시,북구,Daegu,Buk-gu,128.5442,35.9123,국민임대,1937,일반,0.1839,0.2144,0.1535,0.1124,0.45,0.1098,0.5145,0.5922,0.2118,0.0,298.968,1.8971,0,2,"복지관 부재, 단지 내 생활복지시설 부족, 고령화율 상위권",298,0.8182
구미도산휴먼시아,경상북도,구미시,Gyeongsangbuk-do,Gumi-si,128.3351,36.1429,국민임대,292,일반,0.1839,0.2152,0.1526,0.1209,0.55,0.093,0.4422,0.4952,0.1226,0.0,299.221,3.2873,0,2,"복지관 부재, 단지 내 생활복지시설 부족, 고령화율 상위권",299,0.8209
구미인의,경상북도,구미시,Gyeongsangbuk-do,Gumi-si,128.4206,36.0969,공공임대(50년),757,일반,0.1838,0.2098,0.1578,0.0744,0.55,0.1303,0.5007,0.4201,0.1368,0.0,298.783,5.5559,0,2,"복지관 부재, 단지 내 생활복지시설 부족, 복지시설 접근성 취약",300,0.8237
공주신관6,충청남도,공주시,Chungcheongnam-do,Gongju-si,127.134,36.4759,국민임대,517,일반,0.1836,0.2086,0.1587,0.1351,0.35,0.1442,0.574,0.4532,0.1083,0.0,299.626,3.5632,0,0,"복지관 부재, 고령화율 상위권, 의료시설 접근성 취약",301,0.8264
하남풍산1,경기도,하남시,Gyeonggi-do,Hanam-si,127.2001,37.5518,국민임대,748,일반,0.1822,0.2174,0.147,0.1721,0.35,0.1151,0.4899,0.6373,0.1004,0.0,301.605,2.7256,0,2,"복지관 부재, 고령화율 상위권, 거버넌스 활동 부족",302,0.8292
부천상동3,경기도,부천시,Gyeonggi-do,Bucheon-si,126.7557,37.4999,국민임대,636,일반,0.1821,0.2159,0.1484,0.1508,0.55,0.06,0.4009,0.5713,0.0945,0.0,302.536,3.3753,0,2,"복지관 부재, 단지 내 생활복지시설 부족, 고령화율 상위권",303,0.832
신탄진다가온청년주택,대전광역시,대덕구,Daejeon,Daedeok-gu,127.4291,36.4517,행복주택,237,신규단지(판정유예),0.1812,0.198,0.1644,0.0586,0.55,0.1121,0.3104,0.3156,0.4279,0.0,304.495,6.9891,0,0,"복지관 부재, 단지 내 생활복지시설 부족, 복지시설 접근성 취약",304,0.8347
수원매탄6,경기도,수원시,Gyeonggi-do,"Yeongtong-gu, Suwon-si",127.0419,37.2532,국민임대,710,일반,0.1812,0.213,0.1494,0.208,0.35,0.0938,0.4699,0.3927,0.1499,0.0,303.737,3.5816,0,2,"복지관 부재, 고령화율 상위권, 복지시설 접근성 취약",305,0.8375
부산만덕3,부산광역시,북구,Busan,Buk-gu,129.0348,35.204,국민임대,1350,일반,0.1805,0.2116,0.1494,0.1788,0.35,0.0945,0.4951,0.4781,0.2207,0.0,305.496,2.8615,0,2,"복지관 부재, 고령화율 상위권, 의료시설 접근성 취약",306,0.8402
용인구갈8,경기도,용인시,Gyeonggi-do,"Giheung-gu, Yongin-si",127.1353,37.2705,국민임대,1176,일반,0.1801,0.2108,0.1495,0.1846,0.35,0.1099,0.4603,0.4677,0.1087,0.0,306.254,3.0665,0,2,"복지관 부재, 고령화율 상위권, 복지시설 접근성 취약",307,0.843
구미도량2-3,경상북도,구미시,Gyeongsangbuk-do,Gumi-si,128.3191,36.1432,국민임대,490,일반,0.1787,0.2079,0.1495,0.1218,0.45,0.1247,0.4666,0.4781,0.0811,0.0,309.354,3.2834,0,2,"복지관 부재, 고령화율 상위권, 단지 내 생활복지시설 부족",308,0.8457
전주효자4-1,전북특별자치도,전주시,Jeollabuk-do,"Wansan-gu, Jeonju-si",127.098,35.8078,국민임대,949,일반,0.1785,0.1974,0.1595,0.1292,0.35,0.1131,0.5756,0.3356,0.2443,0.0,309.775,3.5724,0,0,"복지관 부재, 고령화율 상위권, 의료시설 접근성 취약",309,0.8485
광주운남1,광주광역시,광산구,Gwangju,Gwangsan-gu,126.8276,35.1782,공공임대(50년),476,일반,0.1783,0.2108,0.1458,0.1439,0.55,0.0405,0.491,0.5814,0.0689,0.0,310.593,5.4326,0,2,"복지관 부재, 단지 내 생활복지시설 부족, 고령화율 상위권",310,0.8512
서귀포동홍6,제주특별자치도,서귀포시,Jeju-do,Seogwipo-si,126.5611,33.2637,국민임대,602,일반,0.1778,0.2105,0.145,0.1573,0.45,0.0884,0.4437,0.6038,0.0024,0.0,311.688,3.0914,0,2,"복지관 부재, 고령화율 상위권, 단지 내 생활복지시설 부족",311,0.854
화성태안8,경기도,화성시,Gyeonggi-do,Hwaseong-si,127.0464,37.2159,국민임대,836,일반,0.1776,0.1999,0.1552,0.0885,0.45,0.1312,0.4501,0.3927,0.226,0.0,312.567,4.5571,0,2,"복지관 부재, 단지 내 생활복지시설 부족, 복지시설 접근성 취약",312,0.8567
청주성화2,충청북도,청주시,Chungcheongbuk-do,"Seowon-gu, Cheongju-si",127.4579,36.6152,국민임대,1215,일반,0.1775,0.1992,0.1558,0.1245,0.45,0.066,0.5751,0.4164,0.2153,0.0,312.323,3.2023,0,0,"복지관 부재, 고령화율 상위권, 단지 내 생활복지시설 부족",313,0.8595
화성태안12,경기도,화성시,Gyeonggi-do,Hwaseong-si,127.0417,37.218,국민임대,1178,일반,0.1772,0.206,0.1483,0.1468,0.35,0.1157,0.4281,0.6164,0.1381,0.0,313.121,2.9713,0,2,"복지관 부재, 고령화율 상위권, 거버넌스 활동 부족",314,0.8623
대구칠곡5,대구광역시,북구,Daegu,Buk-gu,128.5687,35.9453,국민임대,714,일반,0.1771,0.2124,0.1419,0.2087,0.45,0.0436,0.4878,0.5078,0.0,0.0,313.506,4.82,0,2,"복지관 부재, 고령화율 상위권, 단지 내 생활복지시설 부족",315,0.865
용인마평,경기도,용인시,Gyeonggi-do,"Cheoin-gu, Yongin-si",127.2156,37.2358,국민임대,639,일반,0.1763,0.2073,0.1454,0.1726,0.35,0.0987,0.4681,0.5814,0.0775,0.0,315.587,4.1798,0,2,"복지관 부재, 고령화율 상위권, 복지시설 접근성 취약",316,0.8678
안산고잔16,경기도,안산시,Gyeonggi-do,"Danwon-gu, Ansan-si",126.812,37.3063,국민임대,759,일반,0.1754,0.2036,0.1472,0.1538,0.45,0.0699,0.4918,0.4146,0.149,0.0,318.526,2.6596,0,2,"복지관 부재, 고령화율 상위권, 단지 내 생활복지시설 부족",317,0.8705
울산명촌,울산광역시,북구,Ulsan,Buk-gu,129.3525,35.5537,국민임대,534,일반,0.1753,0.2055,0.1451,0.1592,0.35,0.106,0.4738,0.5444,0.1243,0.0,318.218,2.8935,0,2,"복지관 부재, 고령화율 상위권, 거버넌스 활동 부족",318,0.8733
대전천동1,대전광역시,동구,Daejeon,Dong-gu,127.4459,36.3147,국민임대,946,일반,0.1749,0.1919,0.1579,0.1162,0.35,0.0754,0.5764,0.4277,0.3776,0.0,319.367,4.8291,0,0,"복지관 부재, 고령화율 상위권, 복합 이상패턴 탐지",319,0.876
서울등촌11,서울특별시,강서구,Seoul,Gangseo-gu,126.8492,37.5587,국민임대,350,일반,0.1749,0.2085,0.1412,0.2205,0.35,0.0138,0.5128,0.6799,0.1494,0.0,319.622,6.869,0,0,"복지관 부재, 고령화율 상위권, 거버넌스 활동 부족",320,0.8788
전주삼천6,전북특별자치도,전주시,Jeollabuk-do,"Wansan-gu, Jeonju-si",127.1112,35.7963,공공임대(50년),854,일반,0.1747,0.2009,0.1485,0.1515,0.45,0.0793,0.455,0.3292,0.1719,0.0,320.238,3.0462,0,2,"복지관 부재, 고령화율 상위권, 단지 내 생활복지시설 부족",321,0.8815
부산율리,부산광역시,북구,Busan,Buk-gu,129.0105,35.2449,국민임대,840,일반,0.1744,0.2046,0.1443,0.1588,0.35,0.0996,0.4473,0.5979,0.1219,0.0,321.308,2.5086,0,2,"복지관 부재, 고령화율 상위권, 거버넌스 활동 부족",322,0.8843
인천마전,인천광역시,서구,Incheon,Seo-gu,126.6489,37.6032,국민임대,621,일반,0.1744,0.2042,0.1446,0.1901,0.35,0.0906,0.4729,0.4442,0.0706,0.0,321.496,3.3962,0,2,"복지관 부재, 고령화율 상위권, 복지시설 접근성 취약",323,0.8871
군산창성,전북특별자치도,군산시,Jeollabuk-do,Gunsan-si,126.7129,35.9827,국민임대,595,일반,0.1738,0.2042,0.1434,0.1605,0.45,0.0507,0.4894,0.5214,0.1301,0.0,322.777,3.0403,0,2,"복지관 부재, 고령화율 상위권, 단지 내 생활복지시설 부족",324,0.8898
보령동대4,충청남도,보령시,Chungcheongnam-do,Boryeong-si,126.6124,36.3468,국민임대,805,일반,0.1735,0.2015,0.1455,0.1174,0.45,0.0976,0.4782,0.5214,0.103,0.0,323.002,3.374,0,2,"복지관 부재, 고령화율 상위권, 단지 내 생활복지시설 부족",325,0.8926
김포한강신도시임대센터,경기도,김포시,Gyeonggi-do,Gimpo-si,126.6289,37.6474,공공임대(10년),559,일반,0.1729,0.1888,0.1569,0.0598,0.35,0.1422,0.5406,0.5287,0.2392,0.0,323.641,5.6549,0,0,"복지관 부재, 복지시설 접근성 취약, 거버넌스 활동 부족",326,0.8953
전주효자4-3,전북특별자치도,전주시,Jeollabuk-do,"Wansan-gu, Jeonju-si",127.1018,35.8082,국민임대,691,일반,0.1714,0.1984,0.1445,0.123,0.45,0.0969,0.4836,0.4677,0.0529,0.0,327.489,2.0503,0,2,"복지관 부재, 고령화율 상위권, 단지 내 생활복지시설 부족",327,0.8981
경주금장,경상북도,경주시,Gyeongsangbuk-do,Gyeongju-si,129.2037,35.8723,국민임대,526,일반,0.1711,0.1972,0.1451,0.1472,0.35,0.1002,0.4185,0.5363,0.1474,0.0,328.191,2.1731,0,2,"복지관 부재, 고령화율 상위권, 복지시설 접근성 취약",328,0.9008
화성태안6,경기도,화성시,Gyeonggi-do,Hwaseong-si,127.0499,37.2115,국민임대,990,일반,0.171,0.1973,0.1448,0.156,0.35,0.1054,0.4792,0.4399,0.0873,0.0,328.453,1.8766,0,2,"복지관 부재, 고령화율 상위권, 복지시설 접근성 취약",329,0.9036
천안백석3,충청남도,천안시,Chungcheongnam-do,"Seobuk-gu, Cheonan-si",127.1185,36.821,국민임대,1144,일반,0.1705,0.1945,0.1464,0.1167,0.45,0.0842,0.4301,0.4579,0.1672,0.0,329.332,1.6637,0,2,"복지관 부재, 고령화율 상위권, 단지 내 생활복지시설 부족",330,0.9063
"정읍상동2,3",전북특별자치도,정읍시,Jeollabuk-do,Jeongeup-si,126.876,35.5574,국민임대,992,일반,0.1703,0.1936,0.1471,0.1134,0.35,0.1267,0.4405,0.5078,0.1584,0.0,329.468,2.1197,0,2,"복지관 부재, 고령화율 상위권, 의료시설 접근성 취약",331,0.9091
목포포미2,전라남도,목포시,Jellanam-do,Mokpo-si,126.3972,34.8204,국민임대,980,일반,0.1686,0.1909,0.1464,0.0827,0.45,0.0845,0.4825,0.5528,0.1938,0.0,332.27,1.9532,0,2,"복지관 부재, 단지 내 생활복지시설 부족, 고령화율 상위권",332,0.9118
목포옥암2,전라남도,목포시,Jellanam-do,Mokpo-si,126.4501,34.8133,국민임대,1294,일반,0.1676,0.1876,0.1476,0.1102,0.35,0.1043,0.4431,0.4627,0.2494,0.0,333.968,1.7467,0,2,"복지관 부재, 고령화율 상위권, 복지시설 접근성 취약",333,0.9146
울산호계1,울산광역시,북구,Ulsan,Buk-gu,129.3574,35.632,국민임대,558,일반,0.1668,0.1858,0.1477,0.1179,0.35,0.0733,0.5598,0.5403,0.1594,0.0,335.535,2.7464,0,0,"복지관 부재, 고령화율 상위권, 의료시설 접근성 취약",334,0.9174
인천논현휴먼시아2,인천광역시,남동구,Incheon,Namdong-gu,126.7082,37.4047,국민임대,1278,일반,0.1666,0.1915,0.1417,0.1477,0.35,0.0686,0.4562,0.5444,0.1862,0.0,335.844,2.0513,0,2,"복지관 부재, 고령화율 상위권, 거버넌스 활동 부족",335,0.9201
전주평화푸른마을,전북특별자치도,전주시,Jeollabuk-do,"Wansan-gu, Jeonju-si",127.1373,35.7883,국민임대,686,일반,0.1666,0.1939,0.1392,0.141,0.45,0.0658,0.4768,0.4728,0.0305,0.0,335.84,2.4937,0,2,"복지관 부재, 고령화율 상위권, 단지 내 생활복지시설 부족",336,0.9229
안동옥동7,경상북도,안동시,Gyeongsangbuk-do,Andong-si,128.6973,36.5611,국민임대,910,일반,0.1665,0.1885,0.1446,0.1239,0.35,0.0969,0.4323,0.4893,0.1971,0.0,336.155,1.7044,0,2,"복지관 부재, 고령화율 상위권, 의료시설 접근성 취약",337,0.9256
용인김량장,경기도,용인시,Gyeonggi-do,"Cheoin-gu, Yongin-si",127.196,37.2336,공공임대(50년),495,일반,0.165,0.187,0.143,0.1166,0.45,0.0602,0.4398,0.4627,0.1565,0.0,338.236,2.1119,0,2,"복지관 부재, 고령화율 상위권, 단지 내 생활복지시설 부족",338,0.9284
서림마을다사로움,광주광역시,북구,Gwangju,Buk-gu,126.8991,35.161,행복주택,500,일반,0.1647,0.1829,0.1466,0.0621,0.55,0.0593,0.4584,0.4615,0.142,0.0,338.267,3.3523,0,2,"복지관 부재, 단지 내 생활복지시설 부족, 거버넌스 활동 부족",339,0.9311
광주양림2,광주광역시,남구,Gwangju,Nam-gu,126.9171,35.1357,국민임대,949,일반,0.1646,0.19,0.1393,0.1503,0.45,0.0342,0.4481,0.4627,0.1257,0.0,338.908,1.9904,0,2,"복지관 부재, 고령화율 상위권, 단지 내 생활복지시설 부족",340,0.9339
무안남악회룡마을,전라남도,무안군,Jellanam-do,Muan-gun,126.4584,34.8125,국민임대,1117,일반,0.1643,0.1846,0.1439,0.0866,0.35,0.1151,0.4696,0.5814,0.1496,0.0,339.271,1.7606,0,2,"복지관 부재, 복지시설 접근성 취약, 고령화율 상위권",341,0.9366
청주가경4,충청북도,청주시,Chungcheongbuk-do,"Seowon-gu, Cheongju-si",127.4417,36.6123,국민임대,814,일반,0.1612,0.1849,0.1375,0.1289,0.35,0.0779,0.4646,0.5713,0.0971,0.0,342.265,0.7462,0,2,"복지관 부재, 고령화율 상위권, 거버넌스 활동 부족",342,0.9394
청주성화1,충청북도,청주시,Chungcheongbuk-do,"Seowon-gu, Cheongju-si",127.4552,36.6143,국민임대,650,일반,0.1611,0.1798,0.1423,0.1177,0.35,0.0674,0.5106,0.4128,0.2568,0.0,342.404,0.7515,0,2,"복지관 부재, 고령화율 상위권, 복합 이상패턴 탐지",343,0.9421
오산운암6,경기도,오산시,Gyeonggi-do,Osan-si,127.0776,37.1438,공공임대(50년),571,일반,0.158,0.1799,0.1361,0.1295,0.35,0.0534,0.5132,0.5618,0.1106,0.0,344.933,1.0462,0,2,"복지관 부재, 고령화율 상위권, 거버넌스 활동 부족",344,0.9449
청주가경6,충청북도,청주시,Chungcheongbuk-do,"Heungdeok-gu, Cheongju-si",127.4389,36.6157,국민임대,855,일반,0.1576,0.1812,0.1341,0.1557,0.35,0.0567,0.4608,0.4893,0.047,0.0,345.418,1.1854,0,2,"복지관 부재, 고령화율 상위권, 거버넌스 활동 부족",345,0.9477
제천장락1,충청북도,제천시,Chungcheongbuk-do,Jecheon-si,128.2238,37.1543,공공임대(50년),920,일반,0.1571,0.1799,0.1344,0.1121,0.45,0.0477,0.4916,0.5214,0.0159,0.0,345.746,1.0731,0,2,"복지관 부재, 단지 내 생활복지시설 부족, 고령화율 상위권",346,0.9504
청주가경1,충청북도,청주시,Chungcheongbuk-do,"Heungdeok-gu, Cheongju-si",127.4427,36.6199,국민임대,581,일반,0.1571,0.179,0.1351,0.1133,0.45,0.0563,0.4686,0.4486,0.0295,0.0,345.953,1.082,0,2,"복지관 부재, 고령화율 상위권, 단지 내 생활복지시설 부족",347,0.9532
광주아름마을1,광주광역시,광산구,Gwangju,Gwangsan-gu,126.8237,35.1856,국민임대,632,일반,0.1531,0.1639,0.1424,0.0888,0.35,0.0511,0.5648,0.4781,0.1349,0.0,348.112,0.4642,0,0,"복지관 부재, 고령화율 상위권, 거버넌스 활동 부족",348,0.9559
구암다가온청년주택,대전광역시,유성구,Daejeon,Yuseong-gu,127.3281,36.3541,행복주택,425,신규단지(판정유예),0.1511,0.1556,0.1467,0.0608,0.35,0.0729,0.3403,0.3281,0.4104,0.0,348.894,0.6533,0,0,"복지관 부재, 복합 이상패턴 탐지, 고령화율 상위권",349,0.9587
광주역다사로움,광주광역시,북구,Gwangju,Buk-gu,126.9135,35.1654,행복주택,700,일반,0.1482,0.1567,0.1397,0.0621,0.35,0.0635,0.4584,0.4615,0.2311,0.0,350.444,0.7368,0,2,"복지관 부재, 거버넌스 활동 부족, 고령화율 상위권",350,0.9614
익산어양4,전북특별자치도,익산시,Jeollabuk-do,Iksan-si,126.9841,35.9586,공공임대(50년),427,일반,0.1475,0.1634,0.1317,0.0839,0.35,0.0615,0.4838,0.5713,0.0827,0.0,350.853,0.7971,0,2,"복지관 부재, 고령화율 상위권, 거버넌스 활동 부족",351,0.9642
마산삼계2,경상남도,창원시,Gyeongsangnam-do,"Masanhoewon-gu, Changwon-si",128.5033,35.2293,공공임대(50년),385,일반,0.1366,0.1959,0.0773,0.1554,0.2,0.1084,0.5459,0.5528,0.3449,0.0,351.99,0.781,0,0,"고령화율 상위권, 단지 내 생활복지시설 부족, 복지시설 접근성 취약",352,0.9669
서울신림1,서울특별시,관악구,Seoul,Gwanak-gu,126.9274,37.4653,"분양주택, 공공임대(50년)",960,일반,0.1343,0.2071,0.0615,0.2257,0.3,0.0743,0.492,0.4277,0.1282,0.0,353.125,1.036,0,2,"고령화율 상위권, 단지 내 생활복지시설 부족, 의료시설 접근성 취약",353,0.9697
울산화봉1,울산광역시,북구,Ulsan,Buk-gu,129.3649,35.5953,국민임대,494,일반,0.1338,0.1927,0.0749,0.1237,0.2,0.1282,0.5856,0.6038,0.2958,0.0,353.496,0.5639,0,0,"고령화율 상위권, 단지 내 생활복지시설 부족, 복지시설 접근성 취약",354,0.9725
대구가람1,대구광역시,달서구,Daegu,Dalseo-gu,128.5401,35.8067,공공임대(50년),526,일반,0.1228,0.1894,0.0562,0.2026,0.2,0.0946,0.4365,0.5287,0.0896,0.0,355.131,0.3603,0,2,"고령화율 상위권, 단지 내 생활복지시설 부족, 거버넌스 활동 부족",355,0.9752
대구한실들1,대구광역시,달서구,Daegu,Dalseo-gu,128.5328,35.8075,공공임대(50년),534,일반,0.1197,0.1845,0.0549,0.1919,0.2,0.0865,0.4796,0.5179,0.089,0.0,356.857,0.8066,0,2,"고령화율 상위권, 단지 내 생활복지시설 부족, 거버넌스 활동 부족",356,0.978
울산교동,울산광역시,울주군,Ulsan,Ulju-gun,129.1134,35.56,국민임대,693,일반,0.1192,0.1802,0.0582,0.217,0.1,0.0262,0.6209,0.6615,0.2401,0.0,357.27,1.2881,0,0,"고령화율 상위권, 거버넌스 활동 부족, 복합 이상패턴 탐지",357,0.9807
반석마을4,대전광역시,유성구,Daejeon,Yuseong-gu,127.3096,36.3928,국민임대,605,일반,0.119,0.1713,0.0667,0.1267,0.1,0.1272,0.6017,0.5403,0.22,0.0,357.262,1.2479,0,0,"고령화율 상위권, 복지시설 접근성 취약, 거버넌스 활동 부족",358,0.9835
대전문화1,대전광역시,중구,Daejeon,Jung-gu,127.3967,36.3084,공공임대(50년),960,일반,0.117,0.1809,0.0531,0.1928,0.2,0.0676,0.4879,0.5363,0.1057,0.0,359.121,0.9189,0,2,"고령화율 상위권, 단지 내 생활복지시설 부족, 거버넌스 활동 부족",359,0.9862
대구명곡2,대구광역시,달성군,Daegu,Dalseong-gun,128.4947,35.7983,공공임대(50년),1032,일반,0.1168,0.1737,0.0599,0.1685,0.1,0.095,0.5934,0.5814,0.134,0.0,359.359,0.6634,0,0,"고령화율 상위권, 거버넌스 활동 부족, 복지시설 접근성 취약",360,0.989
천안쌍용5-2,충청남도,천안시,Chungcheongnam-do,"Seobuk-gu, Cheonan-si",127.1186,36.8048,공공임대(50년),312,일반,0.0983,0.1497,0.0469,0.1237,0.2,0.0442,0.4068,0.5444,0.2115,0.0,361.057,0.2318,0,2,"고령화율 상위권, 단지 내 생활복지시설 부족, 거버넌스 활동 부족",361,0.9917
문경매봉2,경상북도,문경시,Gyeongsangbuk-do,Mungyeong-si,128.1836,36.5891,공공임대(50년),428,일반,0.0967,0.1469,0.0464,0.0854,0.2,0.0524,0.4947,0.645,0.1963,0.0,362.062,0.4125,0,2,"단지 내 생활복지시설 부족, 거버넌스 활동 부족, 고령화율 상위권",362,0.9945
대전구봉8-2,대전광역시,서구,Daejeon,Seo-gu,127.3305,36.2966,공공임대(50년),624,일반,0.0942,0.1439,0.0445,0.1382,0.1,0.0714,0.4948,0.4677,0.1237,0.0,362.881,0.3269,0,2,"고령화율 상위권, 복지시설 접근성 취약, 거버넌스 활동 부족",363,0.9972
